0.1,0,0
0.2,-4.37314,12.6878
0.3,-8.74246,2.64803
0.4,-7.07757,-0.0575644
0.5,-10.1148,0.269969
0.5,-13.6231,-6.38003
0.6,-14.2834,-6.11301
0.7,-15.8575,3.67402
0.8,-20.8997,5.66925
0.9,-16.6285,8.39757
1,-34.7599,19.2866
1.1,-38.4482,29.1532
1.1,-40.5393,34.3319
1.2,-41.7622,32.6026
1.3,-41.3557,34.96
1.4,-42.6347,40.4258
1.5,-46.4952,39.529
1.6,-54.5099,43.0575
1.7,-62.4465,39.8199
1.8,-70.9183,41.5248
1.9,-88.1316,47.788
2,-102.885,55.5902
2,-114.521,57.6783
2.1,-118.756,59.3208
2.2,-131.767,64.5524
2.3,-140.841,69.736
2.4,-151.065,73.5123
2.5,-162.001,76.5402
2.6,-171.833,80.7749
2.7,-180.188,82.2937
2.7,-190.523,86.9485
2.8,-194.011,87.1885
2.9,-203.577,81.6263
3,-214.1,83.3615
3.1,-226.393,82.3094
3.2,-239.374,84.6972
3.3,-252.475,84.5903
3.4,-263.048,87.1274
3.5,-272.393,84.5999
3.6,-282.718,86.6657
3.7,-288.635,91.3556
3.7,-293.678,84.5454
3.8,-295.734,85.8089
3.9,-301.119,92.296
4,-304.538,86.9249
4.1,-308.707,90.2887
4.2,-316.461,88.1194
4.3,-322.647,91.55
4.4,-326.96,96.1814
4.4,-335.925,97.4881
4.5,-335.752,98.006
4.6,-340.339,97.1528
4.7,-346.759,97.6011
4.8,-356.904,95.31
4.9,-366.343,99.7524
5,-376.854,102.425
5.1,-386.728,109.753
5.1,-391.46,111.892
5.2,-396.227,109.705
5.3,-410.291,117.992
5.4,-426.573,127.366
5.5,-439.12,134.836
5.6,-448.567,145.442
5.7,-462.806,149.191
5.8,-473.303,152.624
5.9,-484.558,156.83
6,-495.491,164.762
6,-499.464,167.484
6.1,-508.13,170.812
6.2,-519.525,168.569
6.3,-530.475,172.329
6.4,-542.285,173.516
6.5,-556.714,180.294
6.6,-571.514,182.988
6.7,-584.867,187.055
6.8,-599.231,188.323
6.9,-612.238,192.416
7,-625.835,198.843
7,-630.778,195.346
7.1,-634.643,197.813
7.2,-639.82,204.138
7.3,-645.722,203.758
7.4,-654.171,206.552
7.5,-665.669,205.722
7.6,-676.63,209.257
7.7,-686.35,206.089
7.8,-698.016,210.918
7.9,-704.467,208.694
8,-715.095,208.167
8.1,-723.266,206.175
8.1,-725.837,205.855
8.2,-733.755,205.519
8.3,-745.314,216.556
8.4,-752.811,216.784
8.5,-765.536,217.944
8.6,-774.325,216.347
8.7,-787.849,215.835
8.8,-798.594,215.454
8.9,-808.399,213.585
9,-818.339,216.058
9.1,-835.662,216.359
9.1,-845.293,219.869
9.2,-847.155,220.798
9.3,-858.271,226.555
9.4,-867.219,226.445
9.5,-873.152,225.299
9.6,-881.441,225.545
9.7,-887.021,225.339
9.8,-895.424,225.612
9.9,-900.937,230.107
10,-908.609,232.78
10.1,-916.495,231.901
10.1,-919.288,232.79
10.2,-926.385,233.417
10.3,-935.574,234.852
10.4,-948.03,235.595
10.5,-960.428,236.703
10.6,-972.089,238.21
10.7,-990.152,239.495
10.8,-1008.6,246.08
10.9,-1023.4,253.474
11,-1039.97,261.936
11.1,-1053,266.428
11.2,-1065.58,269.61
11.2,-1076.74,271.222
11.3,-1082.37,273.894
11.4,-1092.57,268.798
11.5,-1102.52,268.274
11.6,-1111.38,267.738
11.7,-1120.9,267.827
11.8,-1133.84,273.532
11.9,-1146.53,275.535
12,-1158.59,277.195
12.1,-1166.18,281.616
12.2,-1173.38,279.137
12.3,-1178.29,279.568
12.4,-1183.33,277.433
12.5,-1191.63,273.856
12.5,-1202.28,274.893
12.6,-1202.22,274.68
12.7,-1211.12,271.99
12.8,-1222.42,273.521
12.9,-1232.19,271.184
13,-1243.31,273.167
13.1,-1253.24,274.599
13.2,-1261.06,273.707
13.3,-1268.77,276.909
13.4,-1275.85,274.94
13.5,-1283.57,275.105
13.6,-1290.92,276.586
13.7,-1298.93,280.199
13.7,-1297.56,277.905
13.8,-1306.85,280.528
13.9,-1316.3,284.291
14,-1330.72,289.474
14.1,-1341.26,290.563
14.2,-1356.59,293.515
14.3,-1369.6,297.055
14.4,-1379.45,302.341
14.5,-1392.71,305.903
14.6,-1404.47,310.211
14.7,-1414.64,313.247
14.8,-1419.71,320.949
14.9,-1427.27,319.157
14.9,-1432.82,318.293
15,-1436.72,315.431
15.1,-1446.55,312.752
15.2,-1459.08,309.136
15.3,-1472.83,315.073
15.4,-1482.7,317.653
15.5,-1490.88,326.387
15.6,-1499.47,339.902
15.7,-1508.44,345.414
15.8,-1514.16,349.689
15.9,-1520.79,349.445
16,-1523.99,346.631
16.1,-1533.51,344.346
16.2,-1545.99,346.199
16.3,-1556.61,342.419
16.4,-1578.62,343.19
16.5,-1590.78,352.115
16.6,-1606.35,353.263
16.7,-1619.59,359.049
16.8,-1629.71,363.628
16.9,-1638.48,363.918
17,-1645.97,363.634
17.1,-1652.8,364.303
17.2,-1661.86,365.166
17.3,-1660.59,364.089
17.3,-1669.78,365.643
17.4,-1675.92,365.387
17.5,-1682.48,364.871
17.6,-1690.84,362.147
17.7,-1702.31,365.225
17.8,-1714.78,368.621
17.9,-1725.04,371.284
18,-1734.11,375.021
18.1,-1743.17,377.421
18.2,-1751.66,381.539
18.3,-1762.14,383.592
18.4,-1773.84,386.921
18.5,-1782.69,389.597
18.6,-1793.2,387.463
18.7,-1804.87,392.885
18.8,-1809.85,396.532
18.9,-1817.85,397.884
19,-1824,406.992
19.1,-1832,408.094
19.2,-1842.03,412.935
19.3,-1851.77,418.449
19.4,-1861.94,425.967
19.5,-1873.35,438.447
19.6,-1883.58,441.737
19.7,-1892.98,450.618
19.8,-1902.16,450.938
19.9,-1909.85,456.193
20,-1920.89,472.614
20.1,-1929.51,476.385
20.2,-1939.89,483.193
20.3,-1950.11,480.506
20.4,-1959.39,488.141
20.5,-1972.01,487.407
20.6,-1982.85,491.669
20.7,-1997.61,489.669
20.8,-2003.94,495.734
20.9,-2014.54,502.982
21,-2028.71,509.011
21.1,-2033.32,515.637
21.2,-2043.1,522.963
21.3,-2049.35,526.464
21.4,-2056.54,532.097
21.5,-2067.71,534.203
21.5,-2079.97,537.462
21.6,-2079.86,537.756
21.7,-2090.71,541.133
21.8,-2102.57,546.038
21.9,-2116.97,546.812
22,-2130.94,548.895
22.1,-2146.88,552.659
22.2,-2161.3,555.16
22.3,-2175.55,555.966
22.4,-2187.97,557.96
22.5,-2195.76,555.76
22.6,-2204.7,560.366
22.7,-2212.54,554.339
22.8,-2222.07,552.159
22.9,-2232.48,550.422
23,-2243.46,551.621
23.1,-2254.49,554.415
23.2,-2264.2,558.212
23.3,-2271.6,559.094
23.4,-2274.97,555.985
23.5,-2281.38,554.735
23.6,-2287.88,553.984
23.7,-2298.73,553.459
23.8,-2311.37,553.683
23.9,-2326.54,560.383
24,-2335.69,560.478
24.1,-2346.92,568.468
24.2,-2356.78,571.275
24.3,-2363.88,571.523
24.4,-2372.9,571.076
24.5,-2382.65,573.654
24.6,-2392.84,577.478
24.7,-2402.26,580.869
24.8,-2411.48,587.749
24.9,-2419.33,584.387
25,-2426.94,580.988
25.1,-2437.25,580.464
25.2,-2446.77,580.326
25.3,-2457.5,583.704
25.4,-2466.66,590.227
25.5,-2475.51,599.998
25.6,-2483.5,603.249
25.7,-2491.45,608.969
25.8,-2503.9,610.055
25.9,-2515.93,613.551
26,-2530.51,614.239
26.1,-2539.11,617.235
26.2,-2555.08,619.517
26.3,-2571.96,627.64
26.4,-2582.52,639.834
26.5,-2592.24,639.392
26.6,-2600.1,635.524
26.7,-2611.64,637.544
26.8,-2625.1,646.738
26.9,-2633.14,643.743
27,-2641.22,645.323
27.2,-2651.85,637.46
27.2,-2668.64,640.502
27.4,-2674.62,642.445
27.5,-2686.43,647.057
27.6,-2702.04,651.201
27.7,-2714.72,659.578
27.8,-2723.48,660.539
27.9,-2734.21,662.539
28,-2742.54,670.238
28.1,-2753.57,669.019
28.2,-2769.07,674.102
28.3,-2783.41,675.227
28.4,-2795.17,681.256
28.5,-2804.34,689.79
28.6,-2812.38,687.82
28.7,-2819.95,686.551
28.8,-2828.61,690.863
28.9,-2842.14,694.339
29,-2857.03,697.8
29.1,-2870.8,705.043
29.2,-2882.9,705.636
29.2,-2885.75,705.02
29.2,-2885.75,705.02
29.3,-2890.72,704.738
29.4,-2900.56,707.615
29.5,-2909.37,711.045
29.6,-2916.87,714.361
29.7,-2924.07,712.78
29.8,-2934.94,717.022
29.9,-2948.52,718.935
30,-2961.54,719.034
30.1,-2971.26,728.379
30.3,-2978.84,723.491
30.4,-2987.37,731.798
30.5,-2998.5,735.522
30.6,-3010.92,739.375
30.7,-3017.31,742.079
30.8,-3025.89,742.194
30.9,-3035.9,741.125
31,-3049.72,745.294
31.1,-3066.38,743.427
31.2,-3080.68,749.279
31.3,-3097.58,752.095
31.4,-3111.89,758.98
31.5,-3122.98,761.21
31.6,-3133.38,764.451
31.7,-3137.96,768.177
31.8,-3143.26,765.436
31.9,-3145.3,762.63
32,-3153.12,758.363
32.1,-3163.55,758.786
32.2,-3176.94,757.097
32.3,-3190.32,761.666
32.4,-3201.61,759.036
32.5,-3213.21,762.14
32.6,-3221.9,761.921
32.7,-3228.16,765.558
32.8,-3233.52,764.078
32.9,-3238.71,763.49
33,-3246.74,766.868
33.1,-3254.32,768.801
33.2,-3264.01,770.926
33.3,-3276.63,772.127
33.4,-3292.26,772.34
33.5,-3303.49,777.334
33.6,-3319.51,781.414
33.7,-3332.8,785.568
33.8,-3346.61,792.551
33.9,-3356.03,796.796
34,-3363.8,798.327
34.1,-3369.14,800.112
34.2,-3378.29,802.638
34.3,-3391.47,809.065
34.4,-3405.1,811.98
34.5,-3417.9,816.257
34.6,-3432.64,817.313
34.7,-3447.86,824.641
34.8,-3462.23,833.657
35,-3468.15,838.327
35.1,-3486.89,841.405
35.2,-3497.31,837.809
35.3,-3511.95,843.334
35.4,-3524.44,848.103
35.5,-3535.58,853.057
35.6,-3547.18,857.48
35.7,-3559.91,862.79
35.8,-3569.3,859.466
35.9,-3583.73,867.628
36,-3596.26,875.129
36.1,-3607.15,878.763
36.2,-3616.15,882.147
36.3,-3623.11,883.168
36.4,-3631.94,885.154
36.5,-3642.37,885.634
36.6,-3650.34,891.82
36.7,-3658.23,888.091
36.8,-3668.55,889.9
36.9,-3678.64,889.181
37,-3688.9,894.202
37.1,-3698.22,892.416
37.3,-3698.58,894.543
37.4,-3708.3,890.929
37.5,-3722.84,890.86
37.6,-3725.18,891.253
37.7,-3737.56,892.522
37.8,-3747.5,895.981
37.9,-3755.3,899.004
38,-3764.34,903.282
38.1,-3776.6,909.826
38.2,-3789.79,911.927
38.3,-3801.13,921.322
38.4,-3812.39,930.292
38.5,-3820.78,935.066
38.6,-3828.5,937.604
38.7,-3833.06,937.92
38.8,-3838.91,932.2
38.9,-3848.77,923.011
39,-3862.3,922.314
39.1,-3876.82,920.428
39.2,-3892.5,930.285
39.3,-3900.29,939.882
39.4,-3911.57,945.767
39.5,-3914.39,949.677
39.6,-3920.12,949.826
39.7,-3926.63,954.353
39.8,-3934.06,954.302
39.9,-3945.33,961.907
40,-3955.35,961.699
40.2,-3976.06,965.874
40.3,-3987.78,969.266
40.4,-4002.07,975.71
40.5,-4013.29,978.679
40.6,-4025.34,979.982
40.7,-4030.67,972.675
40.8,-4042.8,975.009
40.9,-4058.05,982.057
41,-4072.76,985.879
41.1,-4088.16,986.579
41.2,-4101.15,991.546
41.3,-4112.02,997.001
41.4,-4123.04,1000.41
41.5,-4130.54,1007.65
41.6,-4139.82,1004.5
41.7,-4142.46,1005.12
41.8,-4148.98,997.82
41.9,-4154.71,999.214
42,-4169.88,989.89
42.1,-4179.3,990.015
42.2,-4185.26,990.782
42.3,-4202.5,975.738
42.4,-4212.57,976.838
42.5,-4222.85,976.682
42.7,-4230.11,984.47
42.8,-4247.76,986.816
42.9,-4262.4,995.84
43,-4283.34,999.536
43.1,-4291.42,998.562
43.2,-4300.02,1001.84
43.3,-4307.04,1000.18
43.4,-4321.14,998.923
43.5,-4334.88,1003.88
43.6,-4336.21,1026.91
43.7,-4346.37,1031.11
43.8,-4351.08,1027.73
43.9,-4359.08,1030.23
44,-4366.5,1039.97
44.1,-4376.24,1040.88
44.2,-4389.44,1043.77
44.3,-4401.11,1049.62
44.4,-4418.77,1053.4
44.4,-4421.77,1057.41
44.4,-4421.77,1057.41
44.4,-4421.77,1057.41
44.4,-4421.77,1057.41
44.4,-4421.77,1057.41
44.5,-4432.52,1058.69
44.6,-4438.46,1068.53
44.7,-4444,1064.36
44.8,-4450.7,1063.4
44.9,-4457.88,1061.78
45,-4471.56,1062.17
45.1,-4483.86,1064.08
45.2,-4495.2,1063.85
45.3,-4506.65,1063.64
45.4,-4519.02,1069.97
45.5,-4520.38,1073.93
45.5,-4520.64,1074.7
45.5,-4520.64,1074.7
45.5,-4520.64,1074.7
45.5,-4520.64,1074.7
45.5,-4520.64,1074.7
45.5,-4520.64,1074.7
45.6,-4530.77,1073.88
45.7,-4541.16,1079.14
45.8,-4544.46,1084.79
45.9,-4547.88,1084.64
46,-4551.69,1082.82
46.1,-4554.88,1088.45
46.2,-4566.35,1089.35
46.3,-4572.24,1096.36
46.4,-4585.01,1103.23
46.5,-4596.25,1110.01
46.5,-4596.72,1110.78
46.5,-4596.72,1110.78
46.5,-4596.72,1110.78
46.5,-4596.72,1110.78
46.5,-4596.72,1110.78
46.5,-4596.72,1110.78
46.5,-4596.72,1110.78
46.6,-4607.68,1114.1
46.7,-4620.47,1120.63
46.9,-4630.35,1126.92
47,-4639.06,1131.12
47.1,-4645.09,1140.52
47.2,-4653.62,1139.73
47.3,-4661.29,1146.01
47.4,-4667.73,1141.27
47.5,-4678.22,1136.19
47.6,-4690.6,1139.95
47.7,-4702.99,1143.93
47.7,-4708.46,1140.69
47.7,-4708.46,1140.69
47.7,-4708.46,1140.69
47.7,-4708.46,1140.69
47.7,-4708.46,1140.69
47.8,-4713.37,1142.93
47.9,-4718.95,1148.08
48,-4725.37,1146.47
48.1,-4734.65,1148.43
48.2,-4743.23,1148.79
48.4,-4753.98,1152.18
48.5,-4765.32,1155.64
48.6,-4772.35,1154.97
48.7,-4783.35,1149.53
48.8,-4799.52,1159.07
48.8,-4804.27,1163.5
48.8,-4804.27,1163.5
48.8,-4804.27,1163.5
48.8,-4804.27,1163.5
48.8,-4804.27,1163.5
48.8,-4804.27,1163.5
48.8,-4804.27,1163.5
48.9,-4812.47,1166.05
49.1,-4821.33,1171.35
49.2,-4829.97,1182.42
49.3,-4840.41,1179.02
49.4,-4852.75,1183.79
49.5,-4865.33,1184.32
49.6,-4877.21,1184.58
49.7,-4892.8,1183.5
49.8,-4907.61,1188.33
49.9,-4920.67,1192.36
49.9,-4921.76,1194.04
49.9,-4921.76,1194.04
49.9,-4921.76,1194.04
49.9,-4921.76,1194.04
49.9,-4921.76,1194.04
49.9,-4921.76,1194.04
50,-4933.42,1199.49
50.1,-4940.28,1204.65
50.3,-4943.22,1204.5
50.4,-4955.18,1202.79
50.5,-4968.43,1207.98
50.6,-4977.97,1212.2
50.7,-4988.24,1207.95
50.8,-5001.65,1212.08
50.9,-5009.39,1215.86
51,-5016.37,1215.05
51.2,-5019.09,1211.79
51.2,-5032.45,1215.88
51.2,-5032.45,1215.88
51.2,-5032.45,1215.88
51.2,-5032.45,1215.88
51.2,-5032.45,1215.88
51.2,-5032.45,1215.88
51.3,-5031,1215.46
51.5,-5040.28,1221.63
51.6,-5051.13,1227.34
51.7,-5059.05,1229.98
51.8,-5071.39,1226.53
51.9,-5085.44,1231.72
52,-5102.03,1237.55
52.1,-5114.99,1240.52
52.2,-5119.59,1243.96
52.3,-5123.7,1243.54
52.4,-5129.6,1245.52
52.4,-5129.62,1247.15
52.4,-5129.62,1247.15
52.4,-5129.62,1247.15
52.4,-5129.62,1247.15
52.5,-5138,1249.96
52.6,-5149.59,1252.81
52.7,-5157.13,1254.97
52.8,-5167.46,1256.68
52.9,-5178.68,1260.46
53,-5196.64,1259.21
53.2,-5215.28,1270.53
53.3,-5233.2,1275.89
53.4,-5239,1280.7
53.5,-5245.46,1283.68
53.6,-5255.58,1286.02
53.7,-5269.36,1289.41
53.7,-5269.56,1290
53.7,-5269.56,1290
53.7,-5269.56,1290
53.7,-5269.56,1290
53.7,-5269.56,1290
53.8,-5279.3,1293.13
53.9,-5290.65,1289.82
54.1,-5300.01,1286.57
54.2,-5317.59,1294.15
54.3,-5332.23,1299.8
54.4,-5334.44,1307.14
54.5,-5341.04,1301.86
54.6,-5344.03,1299.61
54.7,-5347.3,1298.75
54.8,-5354.88,1298.13
54.9,-5365.23,1299.95
54.9,-5371.86,1299.7
54.9,-5371.86,1299.7
54.9,-5371.86,1299.7
54.9,-5371.86,1299.7
55,-5380.55,1302.68
55.1,-5393.1,1302.91
55.2,-5405.83,1300.95
55.4,-5420.68,1302.97
55.5,-5434.21,1316.2
55.6,-5440.18,1321.17
55.7,-5440.93,1326.13
55.9,-5445.17,1329.38
56,-5453.44,1344.29
56.2,-5463.86,1345.09
56.2,-5471.12,1351.82
56.2,-5471.12,1351.82
56.2,-5471.12,1351.82
56.2,-5471.12,1351.82
56.2,-5471.12,1351.82
56.3,-5471.45,1368.54
56.4,-5482.43,1369.02
56.5,-5490.18,1373.7
56.6,-5496.19,1375.94
56.7,-5501.96,1380.86
56.8,-5512.99,1383.29
57,-5528.03,1383.54
57.1,-5544.14,1393.04
57.2,-5549.01,1401.11
57.3,-5565.33,1399.49
57.3,-5568.95,1403.51
57.3,-5568.95,1403.51
57.3,-5568.95,1403.51
57.3,-5568.95,1403.51
57.3,-5568.95,1403.51
57.3,-5568.95,1403.51
57.4,-5580.9,1405.22
57.5,-5590.93,1407.87
57.6,-5600.86,1411.93
57.8,-5609.15,1422.06
57.9,-5626.95,1442.1
58,-5641.92,1452.12
58.1,-5653.89,1457.81
58.2,-5663.74,1453.88
58.3,-5672.21,1445.23
58.4,-5680.75,1440.64
58.5,-5685.76,1437.65
58.6,-5694.3,1434.14
58.7,-5702.45,1438.65
58.8,-5707.43,1438.38
59,-5716.86,1436.36
59.1,-5741.04,1449.25
59.2,-5747.11,1450.42
59.3,-5759.84,1464.95
59.5,-5770.39,1463.87
59.6,-5791.29,1467.92
59.7,-5800.05,1475.86
59.7,-5799.17,1474.71
59.8,-5805.86,1483.33
59.9,-5809.44,1486.1
60,-5820.9,1494.49
60.1,-5833.98,1495.52
60.2,-5845.04,1501.63
60.3,-5860.4,1515.75
60.4,-5870.34,1515.72
60.5,-5886.33,1518.77
60.6,-5902.35,1525.23
60.7,-5917.03,1530.55
60.9,-5925.19,1542.15
61,-5926.28,1540.68
61,-5925.67,1540.16
61.1,-5932.99,1545.98
61.2,-5945.82,1545.83
61.3,-5957.51,1551.06
61.4,-5971.99,1558.82
61.6,-5987.1,1558.51
61.7,-6004.35,1565.04
61.8,-6019.11,1576.3
61.9,-6031.27,1578.1
62,-6040.47,1580.11
62.1,-6049.62,1579.98
62.2,-6062.24,1579.75
62.3,-6076.95,1584.41
62.4,-6090.38,1587.8
62.5,-6100.74,1591.77
62.6,-6111.82,1590.53
62.7,-6125.58,1594.13
62.9,-6138.31,1596.62
63,-6162.15,1609.25
63.1,-6169.62,1605.67
63.2,-6174.66,1600.69
63.3,-6183.04,1598.74
63.4,-6193.26,1597.44
63.6,-6200.48,1601.7
63.7,-6211.59,1597.77
63.8,-6223.41,1591.58
63.9,-6234.52,1596.66
63.9,-6238.49,1597.71
63.9,-6238.49,1597.71
64,-6240.59,1598.65
64.1,-6243.2,1603.88
64.2,-6243.14,1610.11
64.3,-6244.05,1602.21
64.4,-6250.68,1599.01
64.5,-6260.53,1594.73
64.7,-6268.53,1594.99
64.8,-6274.11,1596.77
64.9,-6272.46,1596.22
65,-6264.75,1597.32
65.1,-6265.43,1605.28
65.2,-6264.01,1605.16
65.3,-6263.69,1605.17
65.4,-6259.69,1599.11
65.5,-6258.21,1589.04
65.6,-6259.27,1583.44
65.7,-6254.54,1579.9
65.8,-6260.22,1588.18
65.9,-6253.6,1594.8
66.1,-6249.11,1589.55
66.2,-6248.31,1582.37
66.3,-6244.45,1582.16
66.4,-6243.22,1581.52
66.5,-6235.01,1579.84
66.6,-6232.2,1576.06
66.7,-6233.29,1570.95
66.8,-6235.61,1562.8
66.9,-6241.85,1562.45
67,-6238.2,1562.02
67.1,-6246.84,1560.3
67.2,-6243.08,1559.39
67.3,-6233.73,1547.15
67.5,-6233.94,1530.13
67.6,-6244.67,1515.4
67.7,-6271.71,1506.02
67.8,-6268.73,1500.01
67.9,-6268.1,1491.2
68,-6270.01,1482.15
68,-6274.37,1478.74
68,-6274.37,1478.74
68,-6274.37,1478.74
68.1,-6273,1470.7
68.2,-6280.82,1457.32
68.3,-6278.18,1452.17
68.4,-6276.49,1448.62
68.6,-6275.79,1445.45
68.7,-6271.08,1429.41
68.8,-6279.38,1412.67
68.9,-6290.73,1395.77
69,-6293.45,1395.07
69.1,-6304.92,1397.56
69.2,-6307.07,1401.28
69.3,-6308.7,1400.57
69.5,-6303.91,1395.83
69.6,-6303.25,1393.58
69.7,-6302.42,1391.02
69.8,-6302.16,1390.92
69.9,-6300.61,1390.85
70,-6299.8,1389.97
70.1,-6298.78,1388.7
70.3,-6300.93,1390.93
70.4,-6302.48,1396.63
70.5,-6302.92,1398.35
70.6,-6303.34,1398.79
70.7,-6303.62,1388.78
70.8,-6303.82,1383.6
70.9,-6303.89,1382.05
71,-6301.18,1374.38
71.1,-6300.37,1372.08
71.3,-6301.4,1369.97
71.4,-6304.36,1376.33
71.5,-6305.89,1372.76
71.6,-6297.59,1372.95
71.7,-6296.28,1365.31
71.8,-6293.95,1356.45
71.9,-6294.16,1345.51
72.1,-6294.23,1332.72
72.2,-6293.94,1314
72.3,-6294.68,1299.49
72.4,-6302.05,1287.55
72.5,-6295.93,1280.66
72.6,-6305.36,1274.86
72.7,-6314.63,1269.46
72.8,-6320.63,1265.78
73,-6320.29,1257.99
73.1,-6318.41,1221.61
73.2,-6321.02,1203.13
73.3,-6328.81,1184.59
73.4,-6339.95,1176.08
73.5,-6348.79,1169.27
73.7,-6354.58,1159.73
73.8,-6362.8,1136.52
73.9,-6371.47,1125.83
74,-6370.39,1111
74.1,-6372.62,1100.15
74.2,-6379.46,1080.64
74.3,-6389.96,1065.49
74.5,-6399.96,1057.1
74.6,-6406.19,1055.26
74.7,-6394.75,1058.98
74.8,-6391.79,1058.2
74.9,-6397.79,1054.13
75,-6402.04,1046.64
75.1,-6406.18,1040.6
75.3,-6406.77,1031.58
75.4,-6405.59,1018.67
75.5,-6406.6,1004.38
75.6,-6410.16,990.032
75.7,-6415.37,982.655
75.8,-6411.52,980.058
75.9,-6411.39,981.87
76,-6409.27,982.042
76.2,-6413.15,977.418
76.3,-6427.21,959.009
76.4,-6433.6,955.398
76.5,-6440.71,943.699
76.6,-6439.57,931.799
76.7,-6445.91,925.374
76.8,-6449.48,922.934
76.9,-6455.36,922.984
77.1,-6459.68,919.01
77.2,-6465.28,905.697
77.3,-6466.1,889.433
77.4,-6471.2,869.677
77.5,-6474.97,851.27
77.6,-6478.68,836.403
77.7,-6479.94,831.075
77.8,-6485.92,823.065
78,-6493.15,810.788
78.1,-6504.7,790.62
78.2,-6506.48,782.499
78.3,-6500.28,772.31
78.4,-6500.74,761.467
78.5,-6501.49,752.139
78.7,-6510.39,743.394
78.8,-6511.35,734.165
78.9,-6513.89,733.428
79,-6514.73,729.381
79.1,-6516,725.303
79.2,-6517.79,721.143
79.3,-6516.52,712.485
79.5,-6521.71,697.114
79.6,-6518.93,685.89
79.7,-6520.04,680.489
79.8,-6517.04,675.358
79.9,-6513.81,670.275
80,-6513.78,662.43
80.2,-6518.95,653.73
80.3,-6517.73,643.54
80.4,-6511.4,631.097
80.5,-6511.47,616.444
80.6,-6510.71,595.42
80.7,-6508.18,574.16
80.9,-6505.93,560.609
81,-6489.45,550.443
81.1,-6486.44,542.681
81.2,-6485.59,540.911
81.3,-6475.76,537.758
81.4,-6460.31,534.986
81.6,-6445.69,529.06
81.7,-6429.71,515.008
81.8,-6421.31,511.05
81.9,-6407.23,511.874
82,-6395.68,516.538
82.1,-6378.52,525.082
82.2,-6374.38,531.944
82.4,-6368.43,528.448
82.5,-6356.59,530.343
82.6,-6350.01,531.532
82.7,-6353.1,523.46
82.8,-6361.11,517.781
82.9,-6373.55,499.295
83,-6374.21,500.507
83.1,-6372.5,492.455
83.3,-6367.75,486.775
83.4,-6363.31,494.359
83.5,-6362.39,495.22
83.6,-6358.99,500.805
83.7,-6351.8,501.866
83.9,-6345.34,503.497
84,-6328.68,496.716
84.1,-6316.97,492.975
84.2,-6306.69,488.904
84.3,-6301.55,487.092
84.4,-6297.96,491.765
84.5,-6288.69,498.903
84.6,-6280.13,498.341
84.8,-6278.25,502.015
84.9,-6267.16,501.91
85,-6260.22,501.209
85.1,-6251.18,502.181
85.2,-6241.05,503.175
85.3,-6238.01,498.546
85.5,-6230.5,491.341
85.6,-6230.03,492.365
85.7,-6222.27,484.52
85.8,-6196.99,450.303
85.9,-6161.96,402.899
86,-6131.48,367.896
86.1,-6107.64,336.417
86.3,-6092.89,319.342
86.4,-6076.97,301.71
86.5,-6063.62,293.358
86.6,-6053.84,289.153
86.7,-6050.45,277.969
86.8,-6043.54,272.211
87,-6035.28,266.622
87.1,-6015.6,253.268
87.2,-6007.92,242.847
87.3,-5993.08,229.37
87.4,-5980.13,213.764
87.6,-5969.08,206.904
87.7,-5961.36,199.582
87.8,-5955.12,203.369
87.9,-5944.73,205.182
88,-5936.45,199.036
88.2,-5926.78,194.586
88.3,-5912.05,190.983
88.4,-5886.85,177.267
88.5,-5864.28,171.457
88.6,-5852.74,161.787
88.8,-5848.99,152.934
88.9,-5842.56,146.37
89,-5835.07,133.143
89.1,-5822.59,123.274
89.2,-5812.94,116.246
89.3,-5801.15,108.021
89.5,-5795.01,92.5531
89.6,-5798.99,64.1614
89.7,-5796.8,61.4611
89.8,-5795.7,58.3608
89.9,-5793.84,52.0806
90,-5790.54,36.193
90.2,-5789.87,28.6366
90.3,-5781.82,24.3024
90.4,-5773.92,31.9727
90.5,-5760.36,26.1281
90.6,-5744.94,27.3846
90.8,-5734.06,22.5465
90.9,-5727.75,15.3769
91,-5726.52,4.27963
91.1,-5720.02,2.82519
91.2,-5713.36,-1.55585
91.3,-5704.63,-2.2818
91.5,-5694.9,-9.5383
91.6,-5682.31,-39.6978
91.7,-5675.73,-47.4586
91.8,-5666.55,-48.8775
91.9,-5659.49,-59.151
92,-5649.23,-67.5392
92.2,-5635.22,-75.5457
92.3,-5618.87,-79.4887
92.4,-5600.59,-78.9016
92.5,-5583.57,-89.3449
92.6,-5572.12,-99.9193
92.8,-5570.2,-102.582
92.9,-5565.05,-93.2717
93,-5558.62,-94.3867
93.1,-5549.09,-97.0595
93.2,-5537.88,-107.269
93.4,-5525.74,-114.227
93.5,-5502.46,-129.456
93.6,-5484.84,-141.332
93.7,-5468.11,-152.147
93.8,-5461.43,-155.318
93.9,-5454.76,-155.75
94.1,-5441.46,-161.784
94.2,-5420.55,-186.201
94.3,-5417.97,-190.54
94.4,-5407.45,-193.067
94.5,-5391.81,-204.717
94.6,-5377.95,-208.912
94.8,-5360.9,-218.937
94.9,-5364.44,-223.095
95,-5358.15,-224.938
95.1,-5364.05,-227.679
95.2,-5363.29,-224.588
95.3,-5357.02,-216.187
95.5,-5343.62,-214.34
95.6,-5335.49,-226.479
95.7,-5329.33,-232.921
95.8,-5320.83,-232.362
95.9,-5305.5,-249.042
96.1,-5296.2,-258.046
96.2,-5277.26,-283.19
96.3,-5268.21,-289.66
96.4,-5259.48,-310.907
96.5,-5246.81,-322.733
96.6,-5236.59,-334.139
96.8,-5227.22,-341.136
96.9,-5226.1,-349.969
97,-5223.59,-353.381
97.1,-5217.93,-359.846
97.2,-5209.26,-364.802
97.4,-5200.76,-367.508
97.5,-5188.94,-365.697
97.6,-5181.62,-371.999
97.7,-5184.39,-373.256
97.8,-5185.86,-374.258
97.9,-5184.88,-372.531
98.1,-5180.7,-367.224
98.2,-5170.68,-377.914
98.3,-5159.57,-380.991
98.4,-5151.18,-391.511
98.5,-5133.91,-427.079
98.7,-5121.48,-455.26
98.8,-5110.63,-490.605
98.9,-5099.85,-511.56
99,-5092.1,-522.502
99.1,-5085.02,-533.163
99.3,-5077.08,-572.532
99.4,-5071.25,-590.014
99.5,-5059.7,-599.124
99.6,-5052.92,-599.605
99.7,-5047.22,-603.285
99.8,-5039.4,-603.429
100,-5038.38,-603.7
100.1,-5032.6,-615.132
100.2,-5025.28,-625.12
100.3,-5017.62,-628.431
100.4,-5006.16,-631.263
100.6,-4986.47,-630.419
100.7,-4981.97,-636.248
100.8,-4978.7,-632.979
100.9,-4971.45,-642.791
101,-4964.76,-647.107
101.2,-4951.05,-647.213
101.3,-4937.9,-661.422
101.4,-4922.09,-669.445
101.5,-4912.91,-693.808
101.6,-4898.1,-697.245
101.8,-4886.6,-704.525
101.9,-4872.92,-712.768
102,-4868.54,-711.62
102.1,-4861.2,-708.956
102.2,-4852.94,-709.044
102.4,-4845.32,-720.618
102.5,-4839.09,-723.558
102.6,-4826.16,-728.965
102.7,-4811.89,-729.961
102.8,-4796.69,-734.014
102.9,-4789.77,-733.647
103.1,-4781.07,-730.111
103.2,-4776.33,-723.615
103.3,-4770.28,-726.075
103.4,-4763.28,-730.321
103.5,-4753.56,-729.824
103.7,-4744.26,-730.919
103.8,-4728.69,-778.036
103.9,-4709.29,-809.461
104,-4695.22,-841.519
104.1,-4671.81,-868.715
104.3,-4647.39,-895.658
104.4,-4619.89,-927.211
104.5,-4611.15,-968.017
104.6,-4585.53,-985.867
104.7,-4570.93,-994.562
104.8,-4557.05,-998.004
105,-4550.42,-1009.8
105.1,-4544.84,-1042.18
105.2,-4541.14,-1045.56
105.3,-4537.5,-1067.99
105.4,-4537.77,-1078.28
105.6,-4536.55,-1095.19
105.7,-4531.97,-1121.26
105.8,-4531.12,-1121.83
105.9,-4529.19,-1130.63
106,-4525.38,-1136.14
106.1,-4523.2,-1132.83
106.3,-4512.7,-1141.09
106.4,-4497.63,-1148.26
106.5,-4486.13,-1151.1
106.6,-4476.27,-1155.56
106.7,-4471.34,-1149.4
106.9,-4464.38,-1151.93
107,-4449.89,-1164.81
107.1,-4442.1,-1167.6
107.2,-4434.7,-1167.22
107.3,-4422.13,-1174.95
107.5,-4411.07,-1181.5
107.6,-4402.83,-1179.68
107.7,-4394.29,-1177.31
107.8,-4381.37,-1176.99
107.9,-4373.63,-1182.41
108.1,-4368.47,-1184.51
108.2,-4356.63,-1190.45
108.3,-4344.14,-1198.59
108.4,-4328.58,-1205.52
108.5,-4314.14,-1214.54
108.7,-4305.43,-1223.23
108.8,-4267.39,-1266.2
108.9,-4252.07,-1288.56
109,-4248.48,-1313.31
109.2,-4240.35,-1325.06
109.3,-4216.71,-1350.35
109.4,-4202.54,-1362.93
109.5,-4188.87,-1372.16
109.7,-4178.67,-1377.41
109.8,-4162.31,-1381.68
109.9,-4149.4,-1381.49
110,-4145.06,-1382.08
110.2,-4140.94,-1374.91
110.3,-4134.12,-1402.31
110.4,-4127.3,-1435.66
110.5,-4125.4,-1454.02
110.6,-4119.49,-1449.57
110.8,-4106.98,-1458.84
110.9,-4094.11,-1475.44
111,-4088.31,-1487.77
111.1,-4081.3,-1486.46
111.3,-4082.5,-1490.46
111.4,-4075.17,-1495.47
111.5,-4065.67,-1498.92
111.6,-4051.94,-1507.58
111.8,-4038.29,-1506.77
111.9,-4026.83,-1511.95
112,-4014.1,-1522.13
112.1,-4009.29,-1516.04
112.2,-4006.99,-1514.12
112.4,-3994.98,-1516.47
112.5,-3992.8,-1519.89
112.6,-3987.41,-1528.92
112.7,-3978.47,-1528.99
112.8,-3966.67,-1523.33
113,-3955.07,-1528.42
113.1,-3955.99,-1528.57
113.2,-3951.79,-1531.57
113.3,-3944.6,-1530.81
113.4,-3934.22,-1525.95
113.6,-3923.51,-1546.18
113.7,-3913.59,-1558.11
113.8,-3906.7,-1561.76
113.9,-3898.93,-1571.33
114,-3883.93,-1581.17
114.2,-3875.97,-1592.03
114.3,-3866.34,-1596.08
114.4,-3860.02,-1599.01
114.5,-3851.66,-1608.59
114.7,-3841.44,-1614.94
114.8,-3825.27,-1622.54
114.9,-3810.39,-1630.53
115,-3797.07,-1641.7
115.2,-3789.27,-1648.8
115.3,-3777.18,-1651.7
115.4,-3768.13,-1662.02
115.5,-3757.77,-1670.07
115.7,-3748.64,-1681.31
115.8,-3738.81,-1691.5
115.9,-3731.51,-1692.24
116,-3719.25,-1697.74
116.2,-3709.28,-1706.55
116.3,-3695,-1720.78
116.4,-3686.33,-1725.17
116.5,-3677.61,-1728.67
116.7,-3666.52,-1734.05
116.8,-3649.84,-1747.67
116.9,-3637.32,-1752.5
117.1,-3625.9,-1755.84
117.2,-3621.35,-1761.07
117.3,-3614.3,-1762.75
117.4,-3607.78,-1759.6
117.6,-3598.53,-1760.97
117.7,-3583.43,-1767.85
117.8,-3577.88,-1772.63
118,-3567.68,-1767.72
118.1,-3563.52,-1773.65
118.2,-3557.14,-1776.09
118.3,-3545.5,-1780.44
118.5,-3534.84,-1778.55
118.6,-3527.57,-1782.77
118.7,-3518.06,-1786.72
118.8,-3510.96,-1786.74
119,-3504.61,-1784.98
119.1,-3489.68,-1800.39
119.2,-3479.83,-1800.58
119.4,-3477.65,-1802.04
119.5,-3473.84,-1801.22
119.6,-3470.25,-1803.86
119.7,-3451.45,-1811.46
119.9,-3435.39,-1818.99
120,-3399.8,-1833.97
120.1,-3385.21,-1841.21
120.2,-3370.38,-1849.05
120.4,-3371.24,-1847.4
120.5,-3367.39,-1847.99
120.6,-3362.23,-1848.26
120.8,-3352.07,-1854.52
120.9,-3340.22,-1860.67
121,-3331.74,-1858.99
121.2,-3324.02,-1864.34
121.3,-3318,-1864.96
121.4,-3314.81,-1870.01
121.5,-3309.22,-1870.53
121.7,-3296.03,-1873.87
121.8,-3286.87,-1883.32
121.9,-3276.72,-1888.59
122.1,-3263.13,-1883
122.2,-3249.12,-1886.93
122.3,-3236.71,-1893.63
122.4,-3237.19,-1891.47
122.6,-3229.28,-1888.16
122.7,-3223.8,-1896.43
122.8,-3219.58,-1910.58
123,-3205.47,-1908.98
123.1,-3189.76,-1918.46
123.2,-3172.36,-1929.96
123.3,-3157.06,-1936.79
123.5,-3146.8,-1940.94
123.6,-3138.8,-1941.95
123.7,-3129.17,-1940.82
123.9,-3117.92,-1943.05
124,-3100.86,-1947.77
124.1,-3091.77,-1948.47
124.3,-3081.98,-1948.69
124.4,-3075.97,-1954.43
124.5,-3066.16,-1953.23
124.7,-3053.18,-1960.52
124.8,-3048.52,-1970.52
124.9,-3038.77,-1975.17
125.1,-3030,-1980.6
125.2,-3021.74,-1982.18
125.3,-3014.74,-1983.24
125.5,-3007.11,-1989.45
125.6,-2998.01,-1992.55
125.7,-2985.64,-1992.31
125.8,-2973.71,-1998.6
125.8,-2968.52,-2002.47
125.8,-2968.52,-2002.47
125.9,-2967.66,-2001.77
126,-2955.62,-2007.74
126.1,-2949.04,-2007.55
126.3,-2936.04,-2017.79
126.4,-2910.49,-2027.31
126.5,-2899.95,-2031.69
126.7,-2895.68,-2025.04
126.8,-2873.89,-2026.02
126.9,-2865.11,-2036.86
127.1,-2855.44,-2039.21
127.2,-2843.3,-2043.46
127.3,-2832.17,-2047.34
127.5,-2827.18,-2052.53
127.6,-2824.33,-2049.23
127.7,-2826.82,-2047.15
127.9,-2828.81,-2048.41
128,-2840.14,-2054.44
128.1,-2823.89,-2054.02
128.3,-2803.74,-2065.39
128.4,-2792.55,-2075.43
128.5,-2781.27,-2083.82
128.7,-2781.2,-2074.94
128.8,-2772.26,-2076.13
128.9,-2762.81,-2086.67
129.1,-2749.81,-2092.7
129.2,-2736.3,-2099.09
129.3,-2722.13,-2103.45
129.5,-2711.91,-2116.96
129.6,-2704.48,-2122.91
129.7,-2700.38,-2130.82
129.9,-2696.22,-2129.06
130,-2688.75,-2135.16
130.1,-2686.66,-2140.36
130.2,-2680.01,-2167.91
130.4,-2671.44,-2173.23
130.5,-2665.29,-2191.48
130.6,-2646.88,-2200.96
130.8,-2633.43,-2209.33
130.9,-2619.27,-2222.99
131,-2611.79,-2234.72
131.2,-2602.31,-2241.9
131.3,-2589.54,-2256.27
131.4,-2573.17,-2258.77
131.6,-2553.67,-2266.43
131.7,-2542.81,-2290.52
131.9,-2532.96,-2289.46
132,-2524.12,-2293.27
132.1,-2515.82,-2292.18
132.3,-2507.14,-2296.48
132.4,-2491.35,-2294.43
132.5,-2474.8,-2298.99
132.7,-2459.19,-2303.44
132.8,-2446.1,-2309.77
132.9,-2442.69,-2310.86
133.1,-2430.74,-2311.42
133.2,-2405.53,-2329.9
133.3,-2392.65,-2338.28
133.5,-2382.64,-2342.57
133.6,-2361.33,-2344.31
133.7,-2347.05,-2348.69
133.9,-2338.49,-2351.88
134,-2334.07,-2343.13
134.1,-2322.45,-2344.36
134.3,-2314.95,-2352.26
134.4,-2301.81,-2358.09
134.5,-2289.41,-2362.48
134.7,-2277.43,-2368.16
134.8,-2268.85,-2379.58
134.9,-2262.96,-2381.97
135.1,-2254.39,-2379.38
135.2,-2242.1,-2380.21
135.3,-2231.86,-2391.6
135.5,-2215.61,-2391.89
135.6,-2204.74,-2398.31
135.7,-2186.97,-2400.26
135.9,-2176.12,-2406.92
136,-2157.62,-2420.66
136.1,-2151.57,-2420.38
136.3,-2136.41,-2423.1
136.4,-2123.21,-2430.3
136.5,-2110.77,-2435.73
136.7,-2094.52,-2442.21
136.8,-2089.82,-2444.33
136.9,-2079.17,-2450.17
137.1,-2074.76,-2445.16
137.2,-2059.82,-2447.18
137.3,-2047.48,-2446.44
137.5,-2043.3,-2448.83
137.6,-2041.2,-2461.75
137.8,-2031.4,-2472.2
137.9,-2021.4,-2480.31
138,-2012.21,-2479.34
138.2,-2002.81,-2483.41
138.3,-1996.18,-2490.37
138.4,-1987.35,-2494.17
138.6,-1976.87,-2499.74
138.6,-1960.34,-2511.18
138.7,-1954,-2514.07
138.8,-1941.4,-2518.94
139,-1931.51,-2525.49
139.1,-1929.23,-2536.31
139.2,-1919.26,-2539.63
139.3,-1913.06,-2542.34
139.3,-1904.04,-2546.16
139.3,-1904.04,-2546.16
139.3,-1904.04,-2546.16
139.4,-1904.58,-2545.66
139.5,-1897.89,-2549.33
139.6,-1890.38,-2555.2
139.8,-1893.18,-2558.99
139.9,-1882.45,-2564.8
139.9,-1878.54,-2574.52
139.9,-1878.54,-2574.52
139.9,-1878.54,-2574.52
139.9,-1878.54,-2574.52
139.9,-1878.54,-2574.52
140,-1877.56,-2574.08
140.1,-1864.38,-2585.65
140.2,-1850.75,-2591.39
140.4,-1842.49,-2599.43
140.5,-1831.62,-2609.37
140.5,-1832.25,-2616.05
140.5,-1832.25,-2616.05
140.5,-1832.25,-2616.05
140.5,-1832.25,-2616.05
140.5,-1832.25,-2616.05
140.5,-1832.25,-2616.05
140.5,-1832.25,-2616.05
140.5,-1832.25,-2616.05
140.5,-1832.25,-2616.05
140.5,-1832.25,-2616.05
140.5,-1832.25,-2616.05
140.7,-1824.81,-2628.43
140.8,-1813.39,-2647.46
140.9,-1800.25,-2650.59
141.1,-1796.46,-2655.14
141.2,-1795.44,-2657.09
141.3,-1786.89,-2658.95
141.5,-1775.71,-2660.11
141.6,-1768.33,-2664.58
141.7,-1755.39,-2676.22
141.9,-1746.21,-2684.09
142.1,-1734.97,-2696.73
142.2,-1733.49,-2704.94
142.4,-1731.56,-2714.07
142.5,-1730.13,-2731.29
142.6,-1718.67,-2731.84
142.8,-1708.23,-2736.82
142.9,-1692.99,-2745.71
142.9,-1688.57,-2746.27
142.9,-1688.57,-2746.27
142.9,-1688.57,-2746.27
142.9,-1688.57,-2746.27
142.9,-1688.57,-2746.27
142.9,-1688.57,-2746.27
142.9,-1688.57,-2746.27
142.9,-1688.57,-2746.27
142.9,-1688.57,-2746.27
142.9,-1688.57,-2746.27
143,-1686.48,-2746.25
143.1,-1672.11,-2757.19
143.3,-1661.73,-2757.1
143.4,-1661.2,-2759.92
143.5,-1659.97,-2753.67
143.5,-1657.17,-2745.32
143.5,-1657.17,-2745.32
143.5,-1657.17,-2745.32
143.5,-1657.17,-2745.32
143.5,-1657.17,-2745.32
143.5,-1657.17,-2745.32
143.5,-1657.17,-2745.32
143.5,-1657.17,-2745.32
143.5,-1657.17,-2745.32
143.5,-1657.17,-2745.32
143.5,-1657.17,-2745.32
143.6,-1651.36,-2748.64
143.8,-1640.98,-2749.27
143.9,-1632.32,-2744.38
144.1,-1617.52,-2748
144.2,-1611.42,-2744.37
144.3,-1609.24,-2735.64
144.5,-1614.11,-2731.98
144.6,-1613.72,-2734.95
144.8,-1622.2,-2729.89
144.9,-1630.53,-2724.34
145,-1630.04,-2720.82
145.2,-1631.81,-2718.07
145.3,-1632.86,-2712.69
145.4,-1633.54,-2711.2
145.6,-1633.15,-2708.6
145.7,-1632.54,-2703.36
145.9,-1628.69,-2701.39
146,-1628.18,-2697.83
146.1,-1629.15,-2696.88
146.3,-1626.03,-2696.98
146.4,-1628.33,-2696.86
146.6,-1628.04,-2697.35
146.7,-1632.2,-2697.25
146.8,-1632.56,-2696.75
147,-1633.29,-2695.75
147.1,-1635.01,-2695.48
147.2,-1636.5,-2692.42
147.2,-1637.02,-2691.39
147.2,-1637.02,-2691.39
147.2,-1637.02,-2691.39
147.2,-1637.02,-2691.39
147.2,-1637.02,-2691.39
147.2,-1637.02,-2691.39
147.2,-1637.02,-2691.39
147.2,-1637.02,-2691.39
147.2,-1637.02,-2691.39
147.2,-1637.02,-2691.39
147.2,-1637.02,-2691.39
147.2,-1637.02,-2691.39
147.4,-1637.02,-2690.16
147.5,-1640.16,-2694.28
147.6,-1645.99,-2696.18
147.6,-1647.46,-2696.74
147.6,-1647.46,-2696.74
147.6,-1647.46,-2696.74
147.6,-1647.46,-2696.74
147.6,-1647.46,-2696.74
147.6,-1647.46,-2696.74
147.6,-1647.46,-2696.74
147.6,-1647.46,-2696.74
147.6,-1647.46,-2696.74
147.6,-1647.46,-2696.74
147.6,-1647.46,-2696.74
147.7,-1644.12,-2699.44
147.8,-1648.37,-2699.26
147.9,-1651.68,-2696.89
148.1,-1648.41,-2696.49
148.2,-1647.09,-2696.38
148.4,-1644.55,-2697.46
148.5,-1647.84,-2686.12
148.5,-1643.45,-2674.45
148.5,-1643.45,-2674.45
148.5,-1643.45,-2674.45
148.5,-1643.45,-2674.45
148.5,-1643.45,-2674.45
148.5,-1643.45,-2674.45
148.5,-1643.45,-2674.45
148.5,-1643.45,-2674.45
148.5,-1643.45,-2674.45
148.5,-1643.45,-2674.45
148.5,-1643.45,-2674.45
148.7,-1647.93,-2673.3
148.8,-1637.58,-2666.05
148.9,-1640.13,-2655.78
148.9,-1628.29,-2653.07
148.9,-1628.29,-2653.07
148.9,-1628.29,-2653.07
148.9,-1628.29,-2653.07
148.9,-1628.29,-2653.07
148.9,-1628.29,-2653.07
148.9,-1628.29,-2653.07
148.9,-1628.29,-2653.07
148.9,-1628.29,-2653.07
148.9,-1628.29,-2653.07
148.9,-1628.29,-2653.07
149.1,-1629.96,-2641.41
149.2,-1630.14,-2630.8
149.3,-1626.31,-2621.27
149.5,-1621.53,-2609.9
149.5,-1610.6,-2601.08
149.5,-1610.6,-2601.08
149.5,-1610.6,-2601.08
149.5,-1610.6,-2601.08
149.5,-1610.6,-2601.08
149.5,-1610.6,-2601.08
149.5,-1610.6,-2601.08
149.5,-1610.6,-2601.08
149.5,-1610.6,-2601.08
149.5,-1610.6,-2601.08
149.6,-1610.16,-2601.67
149.7,-1594.19,-2591.5
149.9,-1580.78,-2576.67
150,-1568.04,-2566.12
150.1,-1556.36,-2546.66
150.2,-1551.24,-2532.95
150.2,-1552.03,-2533.15
150.2,-1552.03,-2533.15
150.2,-1552.03,-2533.15
150.2,-1552.03,-2533.15
150.2,-1552.03,-2533.15
150.3,-1557.31,-2536.06
150.4,-1553.8,-2506.64
150.6,-1549.05,-2489.45
150.7,-1526.01,-2484.97
150.8,-1511.45,-2471.78
151,-1500.27,-2469.86
151.1,-1500.35,-2456.07
151.3,-1501.75,-2449.27
151.3,-1501.75,-2449.27
151.3,-1501.75,-2449.27
151.3,-1501.75,-2449.27
151.3,-1501.75,-2449.27
151.3,-1501.75,-2449.27
151.3,-1501.75,-2449.27
151.3,-1501.75,-2449.27
151.3,-1501.75,-2449.27
151.3,-1501.75,-2449.27
151.3,-1501.75,-2449.27
151.3,-1501.75,-2449.27
151.4,-1501.25,-2442.12
151.6,-1488.23,-2430.24
151.7,-1468.79,-2419.99
151.8,-1456.27,-2416.87
152,-1448.91,-2417.65
152.1,-1435.04,-2412.27
152.3,-1428.79,-2406.13
152.4,-1426.29,-2395.69
152.5,-1420,-2386.73
152.7,-1410.54,-2374.96
152.7,-1393.65,-2359.04
152.7,-1393.65,-2359.04
152.7,-1393.65,-2359.04
152.7,-1393.65,-2359.04
152.7,-1393.65,-2359.04
152.7,-1393.65,-2359.04
152.7,-1393.65,-2359.04
152.7,-1393.65,-2359.04
152.7,-1393.65,-2359.04
152.7,-1393.65,-2359.04
152.8,-1390.5,-2360.14
152.9,-1383.44,-2357.86
153.1,-1371.59,-2356.67
153.2,-1355.1,-2348.63
153.4,-1351.71,-2345.25
153.5,-1322.95,-2342.36
153.7,-1319.71,-2333.43
153.8,-1303.04,-2313.16
154,-1290.01,-2297.79
154.1,-1267.47,-2287.43
154.3,-1255.08,-2279.83
154.4,-1246.24,-2278.52
154.4,-1249.14,-2268.95
154.4,-1249.14,-2268.95
154.4,-1249.14,-2268.95
154.4,-1249.14,-2268.95
154.4,-1249.14,-2268.95
154.4,-1249.14,-2268.95
154.4,-1249.14,-2268.95
154.4,-1249.14,-2268.95
154.4,-1249.14,-2268.95
154.5,-1249.57,-2271.65
154.6,-1251.09,-2255.49
154.8,-1247.67,-2242.09
154.9,-1242.04,-2228.11
155.1,-1239.3,-2216.06
155.2,-1231.32,-2212.58
155.4,-1228.82,-2202.9
155.5,-1239.23,-2197
155.7,-1243,-2188.35
155.8,-1229.57,-2195.33
156,-1220.51,-2188.96
156.1,-1208.28,-2179.64
156.2,-1205.25,-2177.75
156.2,-1204.34,-2177.18
156.2,-1204.34,-2177.18
156.2,-1204.34,-2177.18
156.2,-1204.34,-2177.18
156.2,-1204.34,-2177.18
156.2,-1204.34,-2177.18
156.2,-1204.34,-2177.18
156.2,-1204.34,-2177.18
156.3,-1195.51,-2176.86
156.4,-1202.93,-2171.39
156.6,-1203.51,-2171.2
156.7,-1218.57,-2164.18
156.8,-1212.38,-2156.38
156.8,-1206.66,-2147.41
156.8,-1206.66,-2147.41
156.8,-1206.66,-2147.41
156.8,-1206.66,-2147.41
156.8,-1206.66,-2147.41
156.8,-1206.66,-2147.41
156.8,-1206.66,-2147.41
156.8,-1206.66,-2147.41
156.8,-1206.66,-2147.41
156.8,-1206.66,-2147.41
156.9,-1204.41,-2144.68
157,-1196.58,-2134.17
157.2,-1191.95,-2129.6
157.3,-1185.72,-2130.41
157.5,-1178.34,-2132.14
157.6,-1187.46,-2124.87
157.7,-1192.84,-2117.54
157.7,-1191.76,-2110.23
157.7,-1191.76,-2110.23
157.7,-1191.76,-2110.23
157.7,-1191.76,-2110.23
157.7,-1191.76,-2110.23
157.7,-1191.76,-2110.23
157.7,-1191.76,-2110.23
157.7,-1191.76,-2110.23
157.7,-1191.76,-2110.23
157.7,-1191.76,-2110.23
157.9,-1190.51,-2105.27
157.9,-1185.13,-2096.5
157.9,-1185.13,-2096.5
158,-1185.04,-2096.21
158.1,-1185.63,-2089.06
158.3,-1175.7,-2079.94
158.4,-1167.67,-2083.67
158.5,-1156.34,-2078.54
158.7,-1158.16,-2082.87
158.8,-1154.87,-2076.01
159,-1152.18,-2073.34
159.1,-1143.07,-2076.62
159.3,-1132.07,-2082.86
159.4,-1133.89,-2070.62
159.5,-1134.66,-2066.56
159.7,-1121.41,-2063.32
159.8,-1119.69,-2041.65
160,-1117.41,-2030.65
160.1,-1118.69,-2009.12
160.2,-1120.32,-2000.12
160.4,-1115.18,-1994.01
160.5,-1109.47,-1989.56
160.6,-1102.72,-1988.16
