0,0.00315293,88.9977
0.1,2.04002,89.2888
0.2,0.995093,85.5916
0.3,-0.146175,82.1573
0.3,-5.47091,94.7168
0.4,-7.24571,94.0507
0.5,-5.64576,81.0358
0.6,-13.9664,76.3483
0.6,-18.6314,77.5477
0.7,-21.6834,62.8847
0.8,-33.31,70.6458
0.8,-39.043,79.3058
0.9,-42.1056,83.6175
1,-43.0999,89.0016
1.1,-43.3948,99.8482
1.1,-47.3578,102.392
1.2,-48.4164,103.272
1.3,-48.6986,108.738
1.3,-49.6669,104.302
1.4,-48.5198,105.7
1.5,-52.4226,90.1996
1.6,-62.4,91.6508
1.6,-63.9379,93.5249
1.7,-77.7257,87.0662
1.8,-88.5958,89.8821
1.8,-97.8634,90.8379
1.9,-107.745,95.1762
2,-120.117,97.3886
2.1,-134.26,101.289
2.1,-143.707,96.3793
2.2,-145.103,97.8385
2.3,-151.155,95.8284
2.3,-158.887,93.0397
2.4,-158.302,93.1453
2.4,-165.348,91.2528
2.5,-164.23,85.6997
2.6,-175.186,84.1276
2.7,-189.612,76.522
2.7,-201.112,80.2668
2.8,-202.035,78.6589
2.9,-210.305,77.9962
2.9,-218.016,79.3524
3,-218.173,79.1217
3.1,-226.119,81.1244
3.1,-233.393,75.0992
3.2,-233.106,76.247
3.3,-240.798,74.4041
3.4,-241.86,70.9784
3.4,-251.026,68.137
3.5,-251.971,67.4521
3.6,-264.194,64.2772
3.6,-271.756,62.1882
3.7,-273.085,66.796
3.8,-279.144,65.6179
3.8,-287.746,65.5821
3.9,-283.876,65.9985
4,-290.965,63.6996
4,-299.105,60.5763
4.1,-300.331,59.3406
4.1,-306.361,62.9768
4.2,-306.726,62.6093
4.3,-315.327,62.8626
4.3,-323.218,61.236
4.4,-322.159,62.3348
4.5,-333.336,63.0388
4.5,-344.002,62.1644
4.6,-344.169,62.2138
4.7,-360.108,62.1368
4.8,-374.067,61.1954
4.8,-384.706,60.3083
4.9,-385.487,60.9725
5,-395.864,61.0743
5,-407.074,58.1175
5.1,-409.985,51.122
5.2,-428.511,48.1533
5.3,-447.593,44.7637
5.3,-453.93,45.1419
5.4,-463.469,44.8136
5.5,-478.113,43.8885
5.5,-487.284,49.4644
5.6,-488.179,48.898
5.7,-499.072,52.526
5.7,-509.974,50.1978
5.8,-508.203,50.6416
5.9,-519.792,50.773
5.9,-528.95,47.8442
6,-525.375,44.0568
6.1,-534.05,44.7249
6.2,-543.07,38.7562
6.2,-552.73,38.6843
6.3,-558.048,33.9114
6.3,-571.207,30.5223
6.4,-570.39,30.8298
6.5,-581.534,26.6996
6.6,-592.124,27.5482
6.6,-602.001,25.5976
6.7,-601.693,25.7348
6.8,-610.085,25.0257
6.8,-619.114,22.3073
6.9,-618.694,22.5109
7,-622.719,20.1087
7,-631.109,16.6899
7.1,-629.658,17.1196
7.2,-638.337,9.45138
7.3,-646.947,7.4778
7.3,-650.606,7.53927
7.4,-664.603,3.44122
7.5,-680.054,0.203497
7.5,-692.326,-2.82524
7.6,-693.998,0.100749
7.7,-706.045,-1.17861
7.8,-721.098,1.27662
7.8,-735.781,0.893545
7.9,-736.572,1.46114
8,-749.509,5.25013
8,-759.242,-0.003321
8.1,-758.632,1.28306
8.2,-766.567,5.89797
8.3,-774.325,2.81408
8.3,-785.184,-0.0386506
8.4,-782.188,-1.74787
8.5,-795.423,-3.82775
8.5,-804.765,-0.21193
8.6,-804.17,-2.8865
8.7,-816.6,-5.70998
8.8,-832.893,-12.3059
8.8,-845.619,-6.44147
8.9,-845.029,-7.3533
9,-855.985,-11.2785
9,-863.954,-8.84267
9.1,-864.388,-10.256
9.2,-876.476,-12.4234
9.3,-888.332,-17.3859
9.3,-900.407,-21.7533
9.4,-897.603,-20.2751
9.5,-907.905,-25.6154
9.5,-919.147,-31.5413
9.6,-921.037,-35.7496
9.7,-934.678,-36.1857
9.7,-947.868,-39.407
9.8,-956.673,-45.2968
9.9,-976.141,-43.4731
10,-992.227,-44.6751
10,-993.777,-43.9082
10.1,-1010.6,-48.9812
10.2,-1021.16,-51.1243
10.2,-1031.6,-55.2279
10.3,-1031.5,-54.8978
10.4,-1038.74,-56.5938
10.5,-1047.98,-62.6019
10.5,-1063.57,-68.3828
10.6,-1062.8,-69.6096
10.7,-1073.56,-71.9503
10.7,-1084.6,-74.3086
10.8,-1083.44,-73.1548
10.8,-1082.66,-74.2132
10.8,-1082.66,-74.2132
10.8,-1082.66,-74.2132
10.9,-1082.31,-73.868
11,-1088.99,-68.5906
11,-1097.94,-70.8119
11.1,-1095.57,-70.8017
11.2,-1104.28,-73.6431
11.3,-1115.46,-73.9621
11.3,-1126.49,-79.6225
11.4,-1126.86,-79.4742
11.5,-1140.41,-82.327
11.6,-1152.04,-82.2607
11.6,-1160.77,-83.4845
11.7,-1169.93,-85.363
11.8,-1186.97,-87.6743
11.8,-1196.94,-87.7537
11.9,-1197.85,-84.7741
12,-1206.83,-86.1941
12.1,-1216.76,-85.7424
12.1,-1229.05,-89.343
12.2,-1227.41,-89.401
12.3,-1244.16,-99.5151
12.4,-1258.42,-102.267
12.4,-1271.43,-106.277
12.5,-1273.16,-111.316
12.6,-1282.57,-108.504
12.7,-1292.02,-102.643
12.7,-1302.48,-101.548
12.8,-1303.38,-102.601
12.9,-1320.97,-107.925
13,-1328.68,-99.2643
13,-1334.82,-101.62
13.1,-1331.52,-106.961
13.2,-1345.1,-107.854
13.2,-1357.65,-107.597
13.3,-1357.93,-108.17
13.4,-1369.19,-113.773
13.4,-1369.71,-112.648
13.5,-1378.48,-110.812
13.6,-1388.13,-115.074
13.6,-1387.65,-116.502
13.7,-1399.63,-119.157
13.8,-1411.68,-121.677
13.9,-1422.35,-119.45
13.9,-1429.79,-127.71
14,-1431.6,-125.614
14.1,-1433.39,-124.252
14.1,-1433.46,-133.216
14.2,-1431.69,-131.242
14.3,-1435.21,-129.892
14.3,-1441.26,-129.133
14.4,-1439.9,-129.581
14.5,-1453.16,-124.461
14.5,-1464.33,-119.945
14.6,-1466.19,-119.681
14.7,-1479.04,-121.042
14.7,-1490.02,-125.339
14.8,-1489.32,-124.715
14.9,-1496.33,-121.683
14.9,-1502.75,-127.808
15,-1502.46,-127.545
15.1,-1510.95,-126.742
15.2,-1513.19,-133.703
15.2,-1516.49,-135.691
15.3,-1521.46,-138.407
15.4,-1530.77,-138.294
15.4,-1535.98,-126.185
15.5,-1536.55,-130.643
15.6,-1545.54,-120.943
15.6,-1556.26,-116.16
15.7,-1558.36,-118.088
15.7,-1572.65,-114.625
15.8,-1573.94,-113.918
15.9,-1582.44,-113.055
16,-1585.78,-113.144
16,-1596.25,-118.294
16.1,-1594.92,-117.176
16.2,-1609.85,-124.725
16.2,-1623.99,-127.226
16.3,-1625.08,-127.963
16.4,-1642.92,-135.65
16.4,-1657.88,-137.553
16.5,-1659.72,-139.098
16.5,-1665.58,-140.664
16.5,-1665.58,-140.664
16.6,-1669.19,-140.416
16.7,-1685.75,-149.327
16.8,-1694.43,-154.916
16.8,-1709.21,-156.958
16.9,-1708.24,-157.354
17,-1716.91,-161.687
17.1,-1726.8,-164.488
17.1,-1736.87,-168.041
17.2,-1740.5,-168.612
17.3,-1751.08,-172.552
17.4,-1755.78,-175.416
17.4,-1761.1,-179.69
17.5,-1763.94,-178.913
17.6,-1774.9,-183.746
17.6,-1785.2,-184.633
17.7,-1785,-185.198
17.8,-1796.46,-186.715
17.8,-1810.64,-187.761
17.9,-1810.34,-187.915
18,-1821.33,-191.786
18,-1832.05,-189.128
18.1,-1832.84,-190.507
18.2,-1847.35,-186.774
18.2,-1858.99,-187.768
18.3,-1860.15,-187.084
18.4,-1871.18,-187.588
18.4,-1884.49,-186.134
18.5,-1884.32,-186.478
18.6,-1895.48,-182.89
18.7,-1905.61,-177.288
18.7,-1915.27,-178.79
18.8,-1915.37,-180.624
18.9,-1923.95,-184.473
18.9,-1933.46,-187.73
19,-1932.02,-191.1
19.1,-1952.54,-194.789
19.2,-1964.09,-195.969
19.2,-1967.46,-197.483
19.3,-1977.31,-199.434
19.4,-1989.86,-201.865
19.4,-1999.58,-200.665
19.5,-2000.05,-200.917
19.6,-2015.3,-203.588
19.6,-2024.23,-198.781
19.7,-2025.04,-198.912
19.8,-2035.05,-193.117
19.9,-2041.12,-194.586
19.9,-2048.71,-194.391
20,-2054.08,-194.238
20.1,-2062.92,-195.992
20.1,-2071.67,-202.619
20.2,-2072.24,-202.166
20.3,-2081.46,-204.33
20.3,-2093.62,-206.227
20.4,-2096.86,-206.829
20.5,-2111.37,-203.956
20.5,-2116.28,-204.838
20.6,-2125.77,-199.432
20.7,-2136.35,-199.3
20.7,-2146.94,-198.654
20.8,-2142.2,-195.878
20.9,-2149.65,-200.469
20.9,-2157.43,-206.678
21,-2150.94,-208.341
21.1,-2156.11,-210.497
21.2,-2166.43,-218.058
21.2,-2170.57,-211.894
21.3,-2183.01,-216.47
21.3,-2192.82,-216.075
21.3,-2192.82,-216.075
21.3,-2192.82,-216.075
21.3,-2192.82,-216.075
21.4,-2197.04,-218.875
21.5,-2216.93,-221.607
21.5,-2236,-220.707
21.6,-2238.19,-220.531
21.7,-2252.4,-220.647
21.8,-2265.86,-217.195
21.8,-2275.5,-216.644
21.9,-2282.31,-209.716
22,-2290.64,-208.235
22,-2300.32,-208.949
22.1,-2298.43,-207.586
22.2,-2310.05,-210.808
22.3,-2321.48,-215.085
22.3,-2326.64,-209.11
22.4,-2334.93,-212.194
22.5,-2352.11,-209.839
22.5,-2366.66,-208.481
22.6,-2368.49,-209.276
22.7,-2386.48,-202.756
22.8,-2397.1,-199.055
22.8,-2407.33,-200.354
22.9,-2414.23,-199.858
23,-2426.96,-201.019
23.1,-2435.69,-205.5
23.1,-2445.17,-213.441
23.2,-2445.04,-212.55
23.3,-2452.34,-206.415
23.4,-2461.57,-208.591
23.4,-2472.45,-208.889
23.5,-2471.67,-207.05
23.6,-2482.13,-209.091
23.6,-2493.86,-214.777
23.7,-2490.18,-212.096
23.8,-2498.94,-219.229
23.8,-2511.48,-224.444
23.9,-2511.55,-224.17
23.9,-2511.46,-224.352
24,-2511.26,-226.03
24,-2522.55,-229.169
24,-2522.55,-229.169
24,-2522.55,-229.169
24,-2522.55,-229.169
24.1,-2527.47,-231.639
24.1,-2538.42,-233.004
24.2,-2539,-231.396
24.3,-2551.15,-240.685
24.3,-2563.12,-240.884
24.4,-2563.72,-242.007
24.5,-2572.28,-242.937
24.5,-2582.38,-246.556
24.6,-2583.29,-247.913
24.7,-2593.07,-238.855
24.8,-2599.98,-239.961
24.8,-2609.44,-242.926
24.9,-2609.68,-243.496
25,-2620.48,-239.967
25.1,-2636.48,-239.604
25.2,-2650.47,-238.485
25.2,-2653.67,-241.965
25.3,-2656.54,-241.141
25.4,-2661.53,-248.624
25.5,-2660.18,-248.5
25.5,-2657.7,-252.419
25.6,-2662.08,-254.474
25.7,-2671.76,-257.388
25.8,-2682.46,-258.952
25.8,-2694.22,-263.237
25.9,-2693.57,-267.354
26,-2707.97,-266.574
26.1,-2719.7,-268.882
26.2,-2731.97,-268.036
26.3,-2744.17,-263.321
26.3,-2755.13,-262.77
26.4,-2750.99,-257.952
26.5,-2775.17,-272.819
26.6,-2788.2,-275.666
26.6,-2791.73,-277.064
26.7,-2800.69,-279.573
26.8,-2815.47,-285.85
26.8,-2829.59,-287.432
26.9,-2830.18,-287.714
27,-2848.52,-296.263
27,-2863.28,-292.85
27.1,-2864.89,-294.562
27.2,-2882.82,-298.934
27.3,-2895.91,-297.973
27.3,-2909.76,-301.666
27.4,-2906.86,-300.443
27.5,-2915.26,-306.225
27.5,-2926.94,-311.014
27.6,-2926.48,-311.673
27.7,-2938.37,-314.033
27.7,-2945.65,-314.644
27.8,-2943.37,-312.119
27.9,-2951.18,-313.165
28,-2957.61,-311.479
28,-2960.06,-313.729
28.1,-2967.73,-315.825
28.2,-2972.66,-314.07
28.2,-2983.73,-318.569
28.3,-2983.4,-318.427
28.4,-2992.65,-320.834
28.4,-2995.25,-324.01
28.5,-3001.22,-324.516
28.6,-3007.64,-326.585
28.6,-3018.18,-331.607
28.7,-3017.37,-331.525
28.8,-3025.79,-335.445
28.9,-3034.29,-338.99
28.9,-3034.23,-338.996
29,-3042.03,-343.325
29.1,-3051.73,-347.937
29.1,-3061.02,-347.651
29.2,-3063.22,-349.049
29.3,-3076.19,-350.129
29.3,-3085.84,-351.979
29.4,-3087.47,-350.842
29.5,-3099.1,-349.292
29.6,-3105.07,-344.723
29.6,-3107.46,-346.055
29.7,-3115.13,-346.181
29.7,-3126.71,-348.854
29.8,-3127.03,-349.572
29.9,-3140.53,-349.787
29.9,-3152.67,-345.052
30,-3154.09,-346.384
30.1,-3169.08,-351.292
30.2,-3183.96,-358.83
30.2,-3185.62,-356.615
30.3,-3196.87,-362.821
30.4,-3214.36,-370.424
30.4,-3223.01,-368.883
30.5,-3224.26,-370.103
30.5,-3235.4,-371.776
30.6,-3236.25,-371.835
30.7,-3247.92,-375.858
30.7,-3259.09,-380.45
30.8,-3257.83,-381.222
30.9,-3268.18,-384.855
30.9,-3271.78,-385.737
31,-3275.89,-386.429
31,-3286.13,-391.154
31.1,-3285.06,-390.77
31.2,-3295.52,-394.496
31.3,-3308.26,-398.7
31.3,-3312.33,-400.09
31.4,-3321.24,-401.508
31.4,-3332.08,-402.084
31.5,-3332.32,-402.186
31.6,-3340.6,-401.281
31.6,-3346.93,-400.26
31.7,-3347.07,-399.886
31.8,-3358.74,-404.616
31.9,-3368.47,-409.171
31.9,-3373,-407.727
32,-3380.8,-411.164
32.1,-3391.37,-410.252
32.1,-3396.52,-409.92
32.2,-3405.36,-411.709
32.3,-3413.34,-401.319
32.3,-3421.85,-408.27
32.4,-3420.62,-406.796
32.5,-3430.84,-407.599
32.6,-3438.79,-410.141
32.6,-3442.16,-405.452
32.7,-3443.58,-404.422
32.8,-3448.24,-403.029
32.8,-3450.32,-402.777
32.9,-3451.2,-404.242
33,-3452.23,-404.818
33.1,-3459.05,-412.627
33.1,-3465.04,-418.169
33.2,-3466.73,-418.992
33.3,-3478.95,-427.023
33.3,-3484.92,-436.348
33.4,-3486.42,-435.388
33.5,-3490.77,-436.098
33.6,-3493.06,-442.619
33.6,-3497.4,-454.094
33.7,-3492.35,-448.054
33.8,-3487,-444.464
33.9,-3479.6,-452.831
33.9,-3475.29,-459.238
34,-3474.83,-464.396
34.1,-3474.47,-464.625
34.1,-3474.08,-464.718
34.2,-3473.64,-464.875
34.3,-3473.17,-464.837
34.4,-3472.47,-465.057
34.4,-3471.81,-465.281
34.5,-3471.15,-465.563
34.6,-3470.71,-465.681
34.6,-3470.45,-465.667
34.7,-3470.15,-465.714
34.8,-3469.95,-465.658
34.8,-3469.59,-465.77
34.9,-3469.1,-466.047
35,-3468.43,-466.457
35.1,-3467.34,-467.211
35.1,-3466.03,-468.054
35.2,-3464.73,-468.932
35.2,-3463.37,-469.733
35.3,-3461.98,-470.681
35.4,-3460.37,-471.701
35.5,-3458.8,-472.648
35.5,-3457.32,-473.353
35.6,-3455.88,-474.073
35.7,-3454.44,-474.584
35.7,-3453.03,-474.749
35.8,-3451.67,-474.926
35.9,-3450.2,-474.908
35.9,-3449.43,-474.366
36,-3448.67,-473.885
36.1,-3447.75,-473.072
36.1,-3447.08,-471.776
36.2,-3434.13,-446.25
36.3,-3435.89,-436.579
36.3,-3439.44,-428.224
36.4,-3439.56,-427.041
36.5,-3439.63,-426.619
36.5,-3439.9,-425.854
36.6,-3440.15,-425.128
36.6,-3440.77,-423.645
36.7,-3441.4,-422.27
36.8,-3442.24,-420.718
36.8,-3462.95,-384.411
36.9,-3463.36,-386.716
37,-3466.16,-379.926
37.1,-3470.95,-369.435
37.1,-3472.28,-362.009
37.2,-3472.95,-361.708
37.3,-3475.7,-348.315
37.4,-3478.39,-333.763
37.4,-3474.92,-330.312
37.5,-3479.28,-321.449
37.6,-3487.52,-305.08
37.7,-3490.86,-297.194
37.7,-3488.19,-294.939
37.8,-3486.29,-298.051
37.9,-3487.62,-291.069
37.9,-3495.65,-279.296
38,-3495.07,-282.31
38.1,-3493.39,-276.513
38.2,-3491.67,-270.985
38.2,-3488.06,-266.673
38.3,-3487.53,-268.276
38.4,-3489.01,-258.945
38.4,-3490.71,-248.703
38.5,-3490.12,-249.357
38.6,-3511.04,-230.548
38.7,-3520.66,-217.619
38.7,-3522.07,-207.642
38.8,-3522.91,-209.311
38.9,-3522.35,-200.135
39,-3523.94,-188.649
39,-3522.86,-185.912
39.1,-3526.76,-176.77
39.2,-3527.1,-163.829
39.2,-3533.29,-147.464
39.3,-3533.47,-147.754
39.4,-3538.45,-140.73
39.5,-3537.13,-132.867
39.5,-3537.62,-128.725
39.6,-3540.8,-121.256
39.7,-3543.08,-109.562
39.7,-3549.94,-90.3488
39.8,-3547.88,-87.7625
39.9,-3560.43,-67.3159
40,-3564.79,-46.2509
40,-3575.85,-30.9914
40.1,-3577.18,-25.1147
40.2,-3584.44,-9.33947
40.3,-3586.42,4.08922
40.3,-3587.66,7.92156
40.4,-3590.53,18.1665
40.5,-3593,30.3361
40.5,-3595.73,42.087
40.6,-3594.58,45.8613
40.7,-3604.09,64.2129
40.8,-3611.34,76.5097
40.8,-3613.54,86.3958
40.9,-3616.1,87.4932
41,-3617.48,91.8519
41,-3618.8,96.24
41.1,-3617.71,94.6405
41.2,-3622.75,103.744
41.2,-3627.34,113.415
41.3,-3626.53,113.113
41.4,-3632.74,129.009
41.5,-3639.38,143.463
41.5,-3642.26,153.193
41.6,-3642.61,155.142
41.7,-3647.26,166.994
41.7,-3650.56,178.38
41.8,-3650.57,179.647
41.9,-3654.42,192.547
42,-3654.7,199.82
42,-3660.6,214.179
42.1,-3659.79,212.952
42.2,-3660.76,218.85
42.2,-3665.43,228.608
42.3,-3664.31,228.26
42.4,-3670.64,240.65
42.5,-3675.42,253.988
42.5,-3674.41,252.894
42.6,-3677.94,267.71
42.7,-3677.67,278.681
42.7,-3681.97,295.009
42.8,-3682.43,295.905
42.9,-3689.42,309.612
42.9,-3688.9,315.558
43,-3690.05,316.363
43.1,-3693.3,324.298
43.2,-3698.55,333.354
43.2,-3699.8,343.896
43.3,-3698.54,340.989
43.4,-3700.67,352.158
43.5,-3705.53,365.219
43.5,-3712.44,378.321
43.6,-3712.47,378.194
43.7,-3720.39,391.468
43.7,-3722.66,398.259
43.8,-3724.06,399.258
43.9,-3730.63,409.023
44,-3733.29,412.862
44,-3735.52,417.06
44.1,-3729.08,412.616
44.2,-3744.17,425.02
44.2,-3747.89,433.693
44.3,-3748.41,436.659
44.4,-3758.67,451.226
44.4,-3765.07,462.583
44.5,-3767.11,464.198
44.6,-3779.43,477.068
44.6,-3782.39,484.73
44.7,-3786.99,490.872
44.8,-3789.94,502.039
44.9,-3802.67,517.364
44.9,-3802.31,523.428
45,-3803.96,524.221
45.1,-3809.7,532.756
45.1,-3820.77,548.822
45.2,-3820.45,548.672
45.3,-3832.52,563.695
45.4,-3831.81,570.806
45.4,-3833.98,584.339
45.5,-3832.82,582.48
45.6,-3836.2,594.17
45.7,-3839.35,603.409
45.7,-3840.01,604.094
45.8,-3847.99,613.846
45.9,-3846.4,622.741
45.9,-3847.73,631.928
46,-3847.2,631.432
46.1,-3846.33,638.09
46.1,-3848.26,644.598
46.2,-3847.32,643.243
46.3,-3850.35,653.044
46.4,-3851.22,664.112
46.5,-3856.02,673.592
46.5,-3852.27,669.357
46.6,-3854.16,680.034
46.7,-3855.48,687.522
46.7,-3860.24,698.668
46.8,-3859.1,697.697
46.9,-3866.12,707.977
47,-3868.17,715.637
47,-3869.4,718.464
47.1,-3869.5,714.003
47.2,-3877,723.871
47.2,-3881.07,728.332
47.3,-3878.39,730.547
47.3,-3884.86,744.094
47.4,-3883.84,744.044
47.5,-3900.14,760.354
47.5,-3898.55,769.018
47.6,-3899.7,770.267
47.7,-3902.23,780.537
47.8,-3904.8,790.646
47.8,-3905.59,794.772
47.9,-3906,796.642
48,-3909.62,803.327
48.1,-3914.41,808.526
48.1,-3923.46,810.822
48.2,-3919.95,808.715
48.3,-3913.68,809.431
48.3,-3907.18,813.208
48.4,-3905.12,811.6
48.5,-3895.95,818.682
48.5,-3886.43,827.807
48.6,-3892.42,832.947
48.7,-3900.29,847.654
48.7,-3899.98,856.812
48.8,-3904.41,857.473
48.9,-3922.37,865.522
48.9,-3930.98,875.706
49,-3932.87,870.781
49.1,-3933.67,871.039
49.2,-3934.95,871.545
49.2,-3935.93,873.226
49.3,-3936.82,874.865
49.4,-3937.36,877.461
49.4,-3937.7,880.276
49.5,-3938.04,882.933
49.6,-3938.15,885.918
49.6,-3937.51,889.666
49.7,-3936.87,893.233
49.8,-3935.54,897.269
49.9,-3933.75,901.618
49.9,-3931.57,906.214
50,-3929.57,910.522
50.1,-3927.68,914.595
50.1,-3925.82,918.516
50.2,-3924.07,922.287
50.3,-3921.97,926.332
50.4,-3919.63,930.57
50.4,-3917.09,934.914
50.5,-3914.72,939.053
50.6,-3912.35,943.199
50.7,-3909.99,947.213
50.7,-3907.53,951.167
50.8,-3905.18,954.997
50.9,-3902.7,958.962
50.9,-3900.03,963.063
51,-3897.41,967.088
51.1,-3894.5,971.072
51.2,-3891.3,975.187
51.2,-3887.85,979.112
51.3,-3884.54,982.933
51.4,-3881.22,986.515
51.4,-3815.78,1047.07
51.5,-3814.8,1047.49
51.6,-3812.76,1041.27
51.6,-3803.02,1038.82
51.7,-3803.6,1039.75
51.8,-3793.97,1035.71
51.8,-3783.3,1037.27
51.9,-3778.48,1038.62
51.9,-3772.61,1037.14
52,-3773.27,1037.48
52.1,-3761.07,1041.3
52.1,-3752.23,1043.52
52.2,-3745.8,1047.73
52.3,-3734.02,1051.23
52.4,-3717.42,1056.73
52.4,-3702.62,1058.76
52.5,-3702.6,1058.49
52.6,-3686.76,1065.8
52.7,-3671.72,1068.23
52.7,-3656.18,1068.02
52.8,-3654.22,1069.3
52.9,-3643.5,1069.39
53,-3635.2,1075.69
53,-3629.5,1077.1
53.1,-3631.39,1077.29
53.2,-3619.82,1079.92
53.2,-3609.73,1081.5
53.3,-3607.44,1085.22
53.4,-3595.84,1082.25
53.4,-3584.31,1080.81
53.5,-3586.76,1080.74
53.6,-3577.02,1082.69
53.7,-3565.5,1090.95
53.7,-3552.41,1090.69
53.8,-3552.11,1092.14
53.9,-3536.89,1096.69
53.9,-3522.94,1100.41
54,-3521.84,1101.04
54.1,-3511.88,1104.11
54.2,-3499.58,1105.79
54.2,-3488.77,1108
54.3,-3490.75,1107.18
54.4,-3481.89,1111.41
54.5,-3469.04,1115.39
54.5,-3457.2,1119.37
54.6,-3457.07,1119.63
54.7,-3445.27,1119.55
54.8,-3434.98,1120.55
54.8,-3421.98,1121.93
54.9,-3424.44,1119.33
55,-3418.71,1120.03
55,-3412.05,1122.63
55.1,-3410.92,1122.91
55.2,-3401.23,1124.33
55.2,-3389.94,1127.15
55.3,-3388.56,1125.53
55.4,-3376.63,1127.14
55.4,-3364.77,1129.76
55.5,-3364.41,1128.02
55.6,-3354.33,1134.17
55.7,-3346.3,1134.41
55.7,-3342.7,1135.8
55.8,-3342.59,1134.97
55.9,-3335.44,1134.11
55.9,-3326.32,1140.34
56,-3326.89,1139.26
56.1,-3318.98,1144.33
56.1,-3309.25,1147.98
56.2,-3309.87,1147.94
56.3,-3305.22,1154
56.3,-3297.76,1153.81
56.4,-3298.08,1154.83
56.5,-3286.61,1159.5
56.6,-3279.62,1160.35
56.6,-3269.91,1163.23
56.7,-3267.94,1164.63
56.8,-3256.61,1168.2
56.9,-3244.58,1166.79
56.9,-3234.86,1172.48
57,-3234.11,1171.69
57.1,-3229.45,1170.5
57.2,-3225.14,1175.97
57.2,-3219.38,1181.87
57.3,-3217.45,1183.86
57.4,-3211.34,1186.82
57.4,-3202.5,1189.9
57.5,-3203.63,1188.95
57.6,-3193.12,1193.55
57.7,-3184.69,1197.41
57.7,-3177.03,1198.29
57.8,-3178.84,1196.92
57.9,-3169.18,1201.21
57.9,-3163.95,1200.99
58,-3165.62,1199.07
58.1,-3159.92,1199.66
58.1,-3152.2,1200.14
58.2,-3153.36,1198.59
58.2,-3144.65,1202.33
58.3,-3144.15,1202.6
58.4,-3135.01,1204.9
58.4,-3125.59,1211.21
58.5,-3124.77,1211.21
58.5,-3115.46,1215.31
58.6,-3112.84,1214.74
58.7,-3103.12,1219.76
58.7,-3092.85,1225.81
58.8,-3088.3,1229.27
58.9,-3090.49,1227.95
58.9,-3079.09,1231.89
59,-3077.41,1231.8
59.1,-3076.23,1230.26
59.1,-3070.62,1234.37
59.2,-3067.94,1237.76
59.2,-3063.38,1239.4
59.3,-3061.44,1240.84
59.4,-3049.98,1242.85
59.4,-3043.44,1244.98
59.5,-3044.78,1244.39
59.6,-3036.96,1248.09
59.6,-3029.63,1249.55
59.7,-3029.6,1249.89
59.8,-3016.8,1257.42
59.8,-2993.57,1262.03
59.9,-2992.06,1263.24
60,-2982.44,1263.99
60,-2972.89,1268.93
60.1,-2974.96,1267.14
60.2,-2970.04,1268.68
60.2,-2959.91,1271.97
60.3,-2960.75,1271.89
60.4,-2950.7,1278
60.4,-2940.95,1280.2
60.5,-2939.89,1281.66
60.6,-2929.88,1284.21
60.7,-2921.53,1288.51
60.7,-2913.54,1293.1
60.8,-2906.55,1299.74
60.9,-2891.09,1306.17
60.9,-2879.36,1310.75
61,-2876.9,1311.42
61.1,-2868.55,1315.37
61.2,-2862.6,1318.45
61.2,-2858.87,1318.42
61.3,-2860.13,1318.01
61.4,-2861.06,1319.54
61.4,-2858.13,1317.57
61.5,-2857.31,1318.5
61.6,-2849.66,1315.65
61.7,-2844.77,1316.54
61.7,-2835.74,1320.69
61.8,-2836.22,1317.23
61.9,-2829.94,1322.85
61.9,-2820.23,1326.31
62,-2820.04,1325.84
62.1,-2814.25,1325.78
62.2,-2802,1329.35
62.2,-2802.31,1329.56
62.3,-2789.76,1332.86
62.4,-2778.38,1337.99
62.4,-2766.57,1341.89
62.5,-2762.47,1344.11
62.6,-2751.7,1342.6
62.6,-2742.17,1344.62
62.7,-2739.16,1347.02
62.8,-2728.5,1348.67
62.9,-2712.11,1356.09
62.9,-2705.59,1353.4
63,-2694.68,1360.52
63.1,-2681.99,1366.88
63.1,-2671.23,1369.83
63.2,-2670.51,1370.18
63.3,-2663.44,1368.78
63.3,-2660.38,1369.51
63.4,-2660.85,1368.66
63.5,-2653.45,1370.16
63.5,-2644.59,1373.5
63.6,-2645.13,1373.13
63.7,-2639.02,1369.74
63.8,-2631.79,1374.08
63.8,-2628.3,1370.29
63.9,-2626.27,1373.73
64,-2619.58,1376.73
64,-2608.73,1378.96
64.1,-2604.89,1385.64
64.2,-2589.84,1388.08
64.3,-2578.87,1390.68
64.3,-2573.74,1394.23
64.4,-2564.11,1399.96
64.5,-2550.07,1410.31
64.5,-2537.65,1410.08
64.6,-2537.09,1411.49
64.7,-2526.44,1411.23
64.7,-2515.76,1414.04
64.8,-2515.82,1413.9
64.9,-2500.77,1424.89
65,-2486,1429.55
65,-2472.87,1434.15
65.1,-2470.08,1435.03
65.2,-2456.6,1439.08
65.2,-2443.53,1441.08
65.3,-2447.84,1437.92
65.4,-2438.66,1447.33
65.4,-2428.04,1450.85
65.5,-2428.89,1452.64
65.6,-2419.9,1449.14
65.7,-2409.49,1449.66
65.7,-2399.44,1451.57
65.8,-2399.11,1451.2
65.9,-2395.97,1454.08
65.9,-2386.53,1459.74
66,-2387.43,1459.47
66.1,-2370.37,1470.57
66.1,-2358.54,1467.67
66.2,-2357.24,1468.97
66.3,-2341.75,1463.8
66.4,-2331.39,1465.08
66.4,-2317.62,1467.23
66.5,-2321.01,1467.87
66.6,-2312.37,1469.81
66.6,-2300.95,1472.18
66.7,-2302.57,1475.84
66.8,-2291.39,1475.41
66.9,-2279.42,1480.78
66.9,-2268.18,1483.41
67,-2264.88,1482.83
67.1,-2251.83,1484.09
67.2,-2235.84,1483.4
67.2,-2226.7,1479.27
67.3,-2226.38,1478.16
67.4,-2218.79,1474.51
67.5,-2208.41,1474.71
67.5,-2208.8,1475.19
67.6,-2196.34,1474.35
67.7,-2184.97,1476.59
67.7,-2177.03,1473.61
67.8,-2171.56,1472.73
67.9,-2163.66,1465.57
68,-2150.87,1468.52
68,-2140.78,1473.4
68.1,-2140.48,1471.9
68.2,-2132.64,1473.41
68.3,-2125.21,1476.56
68.3,-2121.79,1473.89
68.4,-2125.8,1469.43
68.5,-2123.82,1471
68.5,-2117.03,1478.09
68.6,-2123.4,1476.69
68.7,-2113.23,1485.39
68.8,-2106.6,1489.13
68.8,-2099,1491.84
68.8,-2099,1491.84
68.9,-2100.98,1491.92
68.9,-2086.89,1497.81
69,-2085.49,1502.55
69.1,-2070.32,1506.7
69.1,-2061.06,1509.18
69.2,-2057.3,1513.55
69.3,-2045.54,1518.2
69.3,-2030.98,1525.9
69.4,-2029.69,1523.64
69.5,-2022.5,1524.67
69.5,-2009.85,1532.36
69.6,-2011.95,1532.28
69.7,-1999,1534.88
69.7,-1994.03,1531.55
69.8,-1997.84,1526.29
69.9,-1999.01,1528.33
70,-1993.54,1527.84
70,-1989.29,1533.3
70.1,-1980.63,1537.28
70.2,-1964.93,1542.82
70.2,-1952.98,1543.46
70.3,-1949.21,1544.81
70.4,-1940.95,1541.38
70.4,-1932.53,1547.81
70.5,-1936.35,1544.88
70.6,-1931.15,1550.8
70.7,-1920.5,1560.49
70.7,-1909.75,1564.09
70.8,-1906.93,1566.88
70.9,-1900.17,1565.85
71,-1892.58,1566.29
71,-1888.88,1567.87
71.1,-1882.09,1571.64
71.2,-1877.02,1580.24
71.2,-1867.42,1586.05
71.3,-1865.52,1588.27
71.4,-1851.21,1591.61
71.4,-1841,1595.82
71.5,-1842.17,1593.76
71.6,-1835.91,1594.46
71.6,-1827.09,1603.73
71.7,-1828.59,1602.84
71.8,-1817.77,1612.61
71.9,-1806.12,1617.87
71.9,-1800.94,1616.63
72,-1800.02,1616.82
72.1,-1791.89,1618.78
72.1,-1782.82,1620.47
72.2,-1783.07,1620.4
72.3,-1773.79,1620.82
72.4,-1755.41,1627.19
72.4,-1744.18,1632.69
72.5,-1743.11,1628.64
72.6,-1735.21,1634.62
72.6,-1724.47,1640.41
72.7,-1724.11,1640.6
72.8,-1715.66,1645.03
72.9,-1709.75,1647.62
72.9,-1701.79,1650.32
73,-1700.61,1650.52
73.1,-1695.64,1652.11
73.1,-1688.03,1655.35
73.2,-1690.73,1654.96
73.3,-1679.08,1663.88
73.4,-1664.57,1669.76
73.4,-1662.54,1667.77
73.5,-1647.48,1671.32
73.6,-1638.03,1671.58
73.6,-1627.91,1675.56
73.7,-1629.49,1674.79
73.8,-1623.07,1676.19
73.9,-1619.45,1681.79
73.9,-1608.88,1684.31
74,-1608.54,1685.93
74.1,-1600.01,1688.05
74.1,-1593.66,1690.24
74.2,-1593.59,1690.89
74.3,-1581.52,1695.16
74.4,-1569.35,1700.05
74.4,-1558.72,1704.52
74.5,-1556.21,1706.34
74.6,-1542.5,1709.1
74.6,-1533.29,1710.6
74.7,-1534.45,1707.1
74.8,-1529.08,1704.37
74.8,-1514.02,1708.93
74.9,-1514.39,1708.48
75,-1502.78,1716.36
75.1,-1489.04,1722.8
75.1,-1479.22,1724.45
75.2,-1475.17,1725.51
75.3,-1465.45,1726.15
75.3,-1455.06,1730.49
75.4,-1456.5,1728.99
75.5,-1447.84,1731.76
75.5,-1438.05,1733.73
75.6,-1436.92,1736.11
75.7,-1432.02,1735.8
75.8,-1429.01,1733.79
75.8,-1426.77,1731.81
75.9,-1424.46,1726.34
76,-1415.22,1724.52
76,-1405.26,1723.3
76.1,-1406.46,1724.31
76.2,-1398.64,1722.61
76.3,-1383.91,1726.84
76.3,-1370.22,1730.58
76.4,-1368.7,1733.36
76.5,-1342.88,1746.32
76.5,-1345.39,1738.55
76.6,-1342.84,1738.98
76.7,-1329.27,1742.76
76.7,-1320.54,1744.04
76.8,-1319.49,1743.11
76.9,-1315.67,1745.51
77,-1310.51,1752.24
77,-1300.45,1757.26
77.1,-1297.45,1764.06
77.2,-1279.67,1759.47
77.2,-1272.18,1757.04
77.3,-1270.06,1757.74
77.4,-1262.83,1756.29
77.5,-1256.98,1761.19
77.5,-1248.55,1765.53
77.6,-1251.08,1763.73
77.7,-1242.97,1769.8
77.7,-1235.66,1770.51
77.8,-1240.12,1766.01
77.9,-1232.21,1773.99
78,-1230.41,1775.93
78,-1218.89,1782.05
78.1,-1220.36,1781.21
78.2,-1212.01,1783.97
78.2,-1204.12,1786.75
78.3,-1204.27,1786.73
78.4,-1193.68,1792.22
78.5,-1187.11,1791.63
78.5,-1183.35,1792.64
78.6,-1181.27,1792.15
78.7,-1172.72,1794.22
78.7,-1166.16,1796.74
78.8,-1168.49,1793.46
78.9,-1160.29,1799.78
78.9,-1150.77,1806.25
79,-1155.65,1804
79.1,-1146.34,1810.18
79.1,-1136.06,1814.72
79.2,-1135.77,1819.41
79.3,-1126.02,1825.84
79.3,-1117.52,1829.38
79.4,-1114.1,1830.71
79.5,-1100.96,1834.09
79.5,-1093.07,1834.12
79.6,-1092.12,1837.6
79.7,-1079.63,1840.97
79.8,-1071.06,1843.71
79.8,-1061.02,1845.16
79.9,-1047.05,1846.26
80,-1041.65,1838.89
80,-1035.51,1841.16
80.1,-1037.01,1839.64
80.2,-1030.02,1840.93
80.2,-1016.06,1837.16
80.3,-1016.25,1838.11
80.4,-998.38,1843.18
80.5,-985.707,1841.89
80.5,-974.498,1844.46
80.6,-970.977,1843.9
80.7,-957.836,1850.86
80.8,-943.61,1861.9
80.8,-932.227,1864.05
80.9,-931.408,1865.26
81,-918.146,1872.16
81,-916.857,1870.72
81.1,-908.182,1876.35
81.2,-904.465,1875.96
81.3,-899.202,1881.15
81.3,-896.931,1882.9
81.4,-892.185,1886.25
81.5,-881.642,1890.92
81.5,-871.57,1894.81
81.6,-870.251,1893.11
81.7,-859.264,1901.16
81.7,-849.261,1910.98
81.8,-849.936,1908.76
81.9,-841.577,1915.08
81.9,-830.775,1921.66
82,-828.969,1923.26
82.1,-817.573,1929.47
82.1,-806.603,1935.69
82.2,-812.003,1929.95
82.3,-805.16,1936.58
82.4,-797.341,1943.28
82.4,-782.812,1950.37
82.5,-783.812,1950.53
82.6,-772.929,1958.06
82.6,-762.1,1960.48
82.7,-758.037,1961.37
82.8,-751.203,1955.44
82.8,-746.975,1952.93
82.9,-745.988,1957.73
83,-731.068,1962
83,-720.935,1965.98
83.1,-721.223,1964.73
83.2,-718.22,1968.21
83.2,-711.123,1972.56
83.3,-714.698,1971.02
83.4,-711.172,1977.26
83.4,-705.482,1981.13
83.5,-706.327,1982.08
83.6,-700.974,1989.7
83.6,-696.294,1994.6
83.7,-693.918,1992.02
83.8,-688.29,1995.74
83.8,-688.016,1996.05
83.9,-687.866,1996.32
84,-687.56,1996.71
84,-687.222,1997.38
84.1,-687.132,1998.03
84.2,-686.829,1998.54
84.2,-686.246,1998.81
84.3,-685.748,1999.09
84.4,-685.337,1999.53
84.4,-684.93,2000.1
84.5,-684.478,2000.58
84.6,-683.881,2000.85
84.7,-683.727,2001.43
84.7,-683.728,2002.09
84.8,-683.998,2002.88
84.9,-684.724,2003.88
84.9,-685.6,2004.94
85,-686.519,2005.99
85.1,-687.334,2006.99
85.2,-688.217,2007.93
85.2,-689.141,2008.68
85.3,-690.07,2009.52
85.4,-691.41,2010.38
85.5,-692.675,2010.89
85.5,-693.802,2011.27
85.6,-694.859,2011.61
85.7,-695.859,2011.73
85.8,-696.686,2011.54
85.8,-697.586,2011.19
85.9,-698.438,2010.93
86,-699.465,2010.38
86.1,-700.265,2009.42
86.1,-701.09,2008.58
86.2,-711.607,1985.72
86.3,-712.012,1981.48
86.3,-709.648,1972.08
86.4,-711.324,1973.54
86.5,-718.864,1967.65
86.5,-713.777,1953.5
86.6,-716.57,1953.93
86.7,-715.097,1937.04
86.8,-706.271,1920.56
86.8,-704.99,1909.74
86.9,-706.191,1911.86
87,-699.106,1897.91
87,-692.712,1883.54
87.1,-696.211,1890.87
87.2,-695.046,1882.22
87.2,-687.352,1868.65
87.3,-689.125,1871.49
87.4,-682.778,1863.09
87.5,-679.669,1848.1
87.5,-674.299,1833.02
87.6,-671.454,1825.09
87.7,-663.691,1808.17
87.7,-658.843,1796.25
87.8,-653.388,1793.81
87.9,-653.5,1786.2
87.9,-649.556,1775.21
88,-648.593,1779.47
88.1,-646.167,1773.39
88.2,-642.224,1765.21
88.2,-631.318,1757.73
88.3,-632.102,1758.13
88.4,-627.568,1753.05
88.5,-618.639,1746.42
88.5,-616.945,1745.03
88.6,-621.774,1736.57
88.7,-614.87,1724.03
88.7,-610.51,1712.59
88.8,-605.767,1708.69
88.9,-604.49,1698.82
88.9,-601.731,1688.83
89,-600.707,1693.96
89.1,-602.085,1688.92
89.2,-602.605,1687.12
89.2,-601.745,1680.04
89.3,-603.088,1682.38
89.4,-600.958,1672.43
89.5,-592.19,1664.56
89.5,-587.181,1659.08
89.6,-583.894,1651.84
89.7,-578.243,1640.06
89.7,-575.098,1632.13
89.8,-574.86,1631.83
89.9,-574.393,1631.06
90,-573.471,1629.87
90,-559.266,1603.41
90.1,-556.922,1598.54
90.2,-553.611,1594.71
90.3,-553.882,1589.22
90.3,-553.448,1586.48
90.4,-550.068,1581.04
90.4,-546.78,1576.68
90.5,-546.931,1577.3
90.6,-539.504,1569.06
90.7,-536.068,1559.19
90.7,-535.844,1556.14
90.8,-535.034,1546.21
90.9,-529.017,1533.23
90.9,-524.079,1520.66
91,-520.255,1519.45
91.1,-515.197,1508.69
91.1,-510.56,1498.53
91.2,-507.377,1499.34
91.3,-506.664,1496.9
91.3,-500.143,1485.19
91.4,-503.625,1485.15
91.5,-493.061,1470.28
91.6,-487.651,1455.25
91.6,-479.351,1445.52
91.7,-479.204,1444.3
91.8,-483.288,1436.68
91.8,-482.491,1428.15
91.9,-482.762,1427.61
92,-481.154,1416.84
92,-473.486,1402.09
92.1,-473.55,1401.41
92.2,-461.437,1387.02
92.3,-467.98,1384.16
92.3,-467.395,1376.24
92.4,-468.5,1385.44
92.5,-475.419,1385.14
92.5,-472.239,1373.59
92.6,-474.371,1373.8
92.7,-469.897,1356.55
92.8,-456.638,1340.62
92.8,-449.766,1328.37
92.9,-450.209,1329.48
93,-445.364,1319.34
93.1,-441.67,1307.25
93.1,-438.847,1296.49
93.2,-439.889,1296.82
93.3,-435.078,1281.89
93.3,-434.313,1271.42
93.4,-432.5,1271.34
93.5,-435.076,1265.11
93.6,-432.375,1252.73
93.6,-427.955,1244.16
93.7,-427.967,1240.99
93.8,-422.228,1230.93
93.9,-412.212,1217.92
93.9,-402.984,1204.66
94,-402.334,1203.99
94.1,-396.062,1190.66
94.2,-390.077,1175.89
94.2,-388.81,1169.2
94.3,-385.771,1164.31
94.4,-385.216,1156.92
94.5,-387.004,1153.61
94.5,-388.099,1149.65
94.6,-388.153,1147.89
94.7,-386.943,1143.14
94.7,-378.731,1134.56
94.8,-379.477,1134.6
94.9,-371.689,1129.09
95,-368.769,1129
95,-365.948,1128.61
95.1,-368.711,1127.61
95.2,-364.499,1124.8
95.3,-363.64,1120.3
95.3,-358.129,1112.48
95.4,-356.946,1111.34
95.5,-352.428,1106.11
95.6,-352.724,1100.94
95.6,-351.217,1097.37
95.7,-347.715,1093.74
95.8,-348.399,1091.39
95.8,-347.588,1088.52
95.9,-344.846,1084.7
96,-340.905,1079.79
96.1,-335.545,1077.8
96.1,-331.342,1075.68
96.2,-330.762,1075.69
96.3,-329.461,1072
96.4,-331.222,1067.61
96.4,-328.707,1060.11
96.5,-327.01,1058.58
96.5,-327.075,1053.36
96.6,-325.612,1052.74
96.7,-320.869,1046.46
96.8,-319.824,1043.4
96.8,-317.632,1039.31
96.9,-317.323,1042.13
97,-319.484,1038.95
97,-317.447,1035.11
97.1,-314.918,1031.08
97.2,-314.636,1027.06
97.2,-308.595,1020.68
97.3,-308.099,1020.1
97.4,-308.888,1015.9
97.4,-309.746,1011.92
97.5,-313.008,1014.62
97.6,-318.688,1010.47
97.7,-328.662,1009.7
97.7,-345.214,1011.65
97.8,-344.391,1014.71
97.9,-357.59,1013.63
98,-375.558,1005.75
98,-376.092,1005.59
98.1,-376.818,1005.26
98.2,-377.754,1004.42
98.2,-378.944,1003.35
98.3,-380.255,1002.13
98.4,-381.281,1000.94
98.4,-381.753,999.982
98.5,-382.151,999.116
98.6,-382.912,997.871
98.6,-384.329,995.887
98.7,-385.744,993.937
98.8,-387.621,991.565
98.8,-389.801,988.907
98.9,-391.921,986.345
99,-394.11,983.55
99,-396.248,980.867
99.1,-398.258,978.337
99.2,-400.142,975.82
99.3,-401.846,973.558
99.3,-403.397,971.13
99.4,-405.008,968.675
99.5,-406.899,965.957
99.5,-408.882,963.057
99.6,-410.838,960.319
99.7,-412.763,957.411
99.8,-414.407,954.127
99.8,-415.829,950.887
99.9,-417.208,947.494
100,-418.238,943.914
100,-419.375,940.724
100.1,-420.35,937.636
100.2,-421.099,934.494
100.3,-421.639,931.303
100.3,-422.052,928.139
100.4,-422.299,925.002
100.5,-422.421,921.986
100.5,-422.43,919.102
100.6,-422.335,916.238
100.7,-422.54,913.93
100.7,-423.234,912.177
100.8,-423.71,910.222
100.9,-424.683,908.629
101,-425.466,906.976
101,-426.346,905.589
101.1,-427.012,904.138
101.2,-427.375,902.769
101.2,-427.658,901.556
101.3,-427.826,900.49
101.4,-428.053,899.928
101.5,-428.607,899.775
101.5,-429.178,899.898
101.6,-429.959,900.279
101.6,-430.589,900.629
101.7,-431.346,901.021
101.8,-431.888,901.09
101.9,-435.408,897.692
101.9,-435.506,902.631
102,-429.838,898.093
102,-432.709,909.586
102.1,-429.829,908.117
102.2,-429.815,919.414
102.2,-446.676,934.953
102.3,-445.756,935.464
102.4,-453.444,949.951
102.5,-456.344,960.489
102.5,-457.015,961.106
102.6,-452.691,973.491
102.7,-459.754,992.758
102.7,-462.457,999.078
102.8,-464.054,1006.47
102.9,-465.887,1016.84
103,-467.22,1027.49
103,-466.905,1027.22
103.1,-470.138,1042.05
103.2,-476.689,1057.19
103.2,-481.447,1070.35
103.3,-487.117,1076.59
103.4,-491.908,1089.68
103.4,-498.67,1101.95
103.5,-499.528,1105.94
103.6,-500.576,1120.8
103.7,-499.491,1135.47
103.7,-505.867,1152.07
103.8,-505.14,1153.03
103.9,-508.657,1163.35
103.9,-506.87,1163.38
104,-506.972,1162.43
104.1,-505.458,1165.65
104.2,-507.175,1173.91
104.2,-508.811,1181.47
104.3,-512.939,1187.75
104.4,-515.699,1197.8
104.4,-518.275,1207.26
104.5,-526.623,1212.72
104.6,-525.001,1219.15
104.7,-530.804,1230.73
104.7,-535.347,1241.5
104.8,-536.048,1241.59
104.9,-540.584,1251.26
104.9,-547.673,1265.2
105,-547.821,1265.14
105.1,-544.346,1273.02
105.1,-547.958,1285.95
105.2,-547.039,1285.72
105.3,-543.95,1294.71
105.4,-550.434,1304.23
105.4,-550.058,1313.33
105.5,-551.169,1321.08
105.6,-555.215,1336.43
105.7,-555.71,1337.65
105.7,-556.501,1339.7
105.8,-557.331,1341.76
105.9,-558.446,1344.04
105.9,-572.602,1390.42
106,-573.974,1388.56
106.1,-565.543,1385.98
106.1,-569.088,1398.06
106.2,-566.035,1394.2
106.3,-556.098,1406.21
106.3,-568.405,1426.33
106.4,-565.485,1426.7
106.5,-573.354,1450.35
106.6,-577.911,1459.87
106.6,-579.972,1466.88
106.7,-577.928,1471.09
106.8,-582.234,1484.06
106.8,-579.441,1492.47
106.9,-581.122,1495.69
107,-583.359,1504.1
107.1,-592.641,1513.16
107.1,-586.125,1515.4
107.2,-587.988,1515.89
107.3,-589.103,1524.5
107.4,-594.512,1536.55
107.4,-597.264,1547.33
107.5,-598.716,1547.6
107.6,-601.337,1559.19
107.6,-600.462,1568.75
107.7,-600.317,1568.88
107.8,-601.321,1579.66
107.8,-605.807,1594.59
107.9,-605.784,1595.16
108,-612.107,1606.9
108.1,-613.906,1615.96
108.1,-612.191,1615.46
108.2,-614.473,1622.12
108.3,-620.209,1633.33
108.3,-629.77,1646.75
108.4,-628.288,1647.93
108.5,-634.732,1664.93
108.5,-640.678,1678.38
108.6,-642.199,1679.5
108.7,-646.51,1698.32
108.7,-650.563,1707.65
108.8,-647.658,1706.36
108.9,-650.764,1718.46
108.9,-657.828,1737.79
109,-656.963,1738.61
109.1,-664.795,1753.65
109.1,-670.94,1765.18
109.2,-669.411,1763.52
109.3,-675.451,1770.1
109.4,-673.743,1776.76
109.4,-682.438,1789.05
109.5,-681.184,1790.16
109.6,-695.244,1806.15
109.6,-703.526,1821.21
109.7,-703.937,1821.85
109.8,-712.43,1832.32
109.9,-714.632,1837.59
109.9,-720.385,1848.31
110,-720.021,1852.62
110.1,-730.073,1871.1
110.1,-736.594,1887.56
110.2,-741.534,1892.14
110.3,-745.93,1899.79
110.4,-745.194,1903.47
110.4,-746.991,1907.64
110.5,-747.943,1910.66
110.6,-751.325,1918.44
110.6,-754.62,1927.28
110.7,-754.47,1927.21
110.8,-761.972,1936.87
110.8,-763.55,1943.34
110.9,-763.88,1942.82
111,-766.463,1955.05
111.1,-771.079,1972.51
111.1,-775.449,1982.79
111.2,-776.421,1984.62
111.3,-782.459,1995.74
111.3,-784.768,2005.43
111.4,-782.066,2004.96
111.5,-785.595,2017.87
111.6,-785.536,2027.09
111.6,-793.279,2039.63
111.7,-792.996,2040.83
111.8,-799.354,2052.26
111.8,-802.262,2062.09
111.9,-800.628,2060.84
112,-796.531,2074.09
112,-806.844,2088.37
112.1,-807.371,2089.6
112.2,-814.741,2101.99
112.3,-815.551,2108.19
112.3,-815.189,2114.52
112.4,-812.959,2109.89
112.5,-811.065,2114.86
112.5,-820.127,2129.29
112.6,-818.749,2128.01
112.7,-825.789,2141.26
112.8,-830.502,2154.12
112.8,-833.235,2163.53
112.9,-831.299,2163.87
113,-840.525,2176.2
113,-845.025,2183.74
113.1,-841.186,2179.77
113.2,-843.164,2183.55
113.2,-847.369,2188.79
113.3,-843.848,2184.91
113.4,-855.693,2192.34
113.5,-881.883,2215.85
113.5,-885.074,2217.08
113.6,-892.457,2220.45
113.7,-906.48,2231.2
113.7,-917.081,2237.67
113.8,-917.83,2238.8
113.9,-935.26,2254.62
113.9,-940.015,2257.45
114,-942.643,2260.1
114.1,-960.566,2279.83
114.1,-975.663,2296.83
114.2,-976.999,2298.48
114.3,-985.385,2315.08
114.3,-986.263,2321.16
114.4,-986.592,2322.98
114.5,-992.314,2334.98
114.5,-997.447,2347.08
114.6,-998.307,2348.13
114.7,-1000.9,2366.29
114.8,-1000.22,2383.85
114.8,-1000.63,2401.23
114.9,-993.203,2399.11
115,-987.615,2414.25
115,-987.488,2420.63
115.1,-986.546,2418.94
115.2,-986.861,2426.36
115.2,-984.816,2432.94
115.3,-984.811,2435.09
115.4,-982.703,2439.95
115.5,-981.448,2447.64
115.5,-981.582,2450.05
115.6,-980.435,2463.89
115.7,-983.666,2471
115.8,-990.74,2470.14
115.8,-999.549,2471.36
115.9,-997.573,2470.42
116,-1011.16,2468.25
116,-1014.66,2468.31
116.1,-1023.27,2460.41
116.2,-1029.62,2465.59
116.2,-1039.92,2467.15
116.3,-1045.05,2466.42
116.4,-1059.05,2470.32
116.5,-1069.04,2479.29
116.5,-1076.45,2474.29
116.6,-1076.02,2475.59
116.7,-1092.26,2478.99
116.8,-1106.7,2476.93
116.8,-1117.35,2479.78
116.9,-1116.02,2477.78
117,-1124.71,2483.19
117.1,-1133.99,2480.24
117.1,-1146.74,2483.49
117.2,-1146.22,2482.03
117.3,-1158.7,2483.24
117.4,-1170.92,2485.98
117.4,-1179.41,2482.03
117.5,-1186.03,2481.53
117.6,-1196.26,2476.17
117.6,-1201.95,2477.47
117.7,-1200.39,2477.62
117.8,-1211.89,2472.91
117.8,-1218.38,2470.08
117.9,-1220.74,2467.91
118,-1234.31,2471.16
118.1,-1242.21,2468.95
118.1,-1241.06,2467.22
118.2,-1247.92,2473.2
118.3,-1254.83,2472.84
118.3,-1263.02,2472.4
118.4,-1261.46,2472.29
118.5,-1267.69,2470.43
118.5,-1277.59,2476.06
118.6,-1278.69,2473.65
118.7,-1284.59,2483.24
118.7,-1296.18,2483.59
118.8,-1294.4,2480.12
118.9,-1306.14,2479.66
118.9,-1318.48,2485.91
119,-1323.18,2477.9
119.1,-1341.33,2474.22
119.1,-1354.27,2476.83
119.2,-1360.04,2473.24
119.3,-1369.85,2476.68
119.3,-1384.01,2474.31
119.4,-1386.31,2472.59
119.5,-1401.59,2468.84
119.6,-1410,2471.56
119.6,-1411.69,2467.26
119.7,-1415.67,2467.86
119.8,-1424.8,2467.13
119.8,-1431.83,2460.67
119.9,-1432.03,2461
120,-1441.62,2461.44
120,-1450.44,2453.16
120.1,-1449.17,2454.7
120.2,-1457.95,2452.69
120.2,-1466.83,2447.02
120.3,-1465.92,2448.8
120.4,-1474.3,2448.39
120.5,-1483.7,2444.53
120.5,-1494.74,2443.1
120.6,-1496.44,2442.74
120.7,-1505.76,2439.96
120.7,-1516.52,2435.04
120.8,-1516.3,2436.14
120.9,-1527.49,2432.51
120.9,-1535.76,2429.15
121,-1533.86,2431.68
121.1,-1542.9,2424.54
121.1,-1554.62,2421.05
121.2,-1555.15,2419.78
121.3,-1567.84,2417.64
121.3,-1579.57,2418
121.4,-1583.32,2413.27
121.5,-1594.96,2421
121.5,-1606.54,2419.13
121.6,-1606.3,2418.01
121.7,-1618.97,2415.76
121.8,-1629.35,2419.19
121.8,-1637.11,2417.34
121.9,-1635.87,2417.99
122,-1649.42,2412.65
122.1,-1662.33,2409.39
122.1,-1663.36,2410.68
122.2,-1674.34,2406.71
122.3,-1686.57,2410.77
122.3,-1697.67,2404.7
122.4,-1698.06,2405.92
122.5,-1706.29,2403.67
122.5,-1716.83,2401.51
122.6,-1716.63,2401.31
122.7,-1725.98,2398.87
122.8,-1736.1,2393.74
122.8,-1735.98,2393.64
122.9,-1744.83,2391.23
123,-1755.68,2387.69
123,-1766.32,2384.47
123.1,-1770.55,2379.08
123.2,-1778.9,2382.96
123.3,-1794.58,2380.5
123.3,-1804.74,2386.17
123.4,-1806.34,2386.02
123.5,-1814.5,2384.59
123.6,-1823.88,2387.39
123.6,-1822.74,2389.92
123.7,-1827.54,2404.14
123.8,-1837.76,2412.19
123.8,-1847.63,2420.34
123.9,-1845.4,2417.36
124,-1856.91,2418.59
124,-1868.72,2416.97
124.1,-1872.54,2409.26
124.2,-1887.23,2410.32
124.2,-1901.89,2407.85
124.3,-1910.55,2404.09
124.4,-1931.31,2401.24
124.4,-1942.03,2400.85
124.5,-1944.36,2402.66
124.6,-1952.23,2401.26
124.7,-1965.46,2393.51
124.7,-1966.28,2394.8
124.8,-1978.63,2386.52
124.9,-1989.69,2387.77
124.9,-1999.29,2378.15
125,-1998.88,2380.18
125.1,-2000.75,2378.69
125.2,-2004.13,2370.23
125.2,-2016.01,2365.05
125.3,-2013.43,2359.85
125.4,-2026.69,2361.49
125.4,-2033.93,2364.27
125.5,-2030.58,2361.94
125.6,-2044.24,2359.6
125.7,-2060.76,2349.25
125.7,-2073.72,2353.51
125.8,-2074.41,2351.71
125.9,-2093.24,2346.91
125.9,-2107.42,2346.5
126,-2108.72,2345.85
126.1,-2122.3,2345.44
126.1,-2138.07,2342.75
126.2,-2137.69,2342.66
126.3,-2150.3,2339.64
126.4,-2162.22,2338.6
126.4,-2162.42,2338.93
126.5,-2179,2336.96
126.6,-2192.89,2337.16
126.6,-2205.76,2339.23
126.7,-2204.39,2343.06
126.8,-2212.63,2338.56
126.8,-2222.91,2334.36
126.9,-2223.47,2331.79
127,-2232.47,2329.65
127,-2243.28,2327.22
127.1,-2246.9,2327.47
127.2,-2258.35,2326.01
127.3,-2266.69,2325.12
127.3,-2275.04,2323.45
127.4,-2279.36,2320.45
127.5,-2292.59,2319.37
127.5,-2302.43,2316.31
127.6,-2300.58,2321.48
127.7,-2308.98,2316.67
127.7,-2320.66,2314.32
127.8,-2318.7,2317.29
127.9,-2324.9,2313.12
128,-2335.12,2306.36
128,-2348.89,2305.98
128.1,-2351.65,2304.78
128.2,-2367.69,2305.82
128.2,-2378.12,2297.76
128.3,-2376.53,2299.62
128.4,-2383.28,2301.6
128.4,-2388.46,2296.35
128.5,-2387.3,2296.78
128.6,-2399.61,2298.37
128.6,-2414.23,2296.38
128.7,-2415.51,2296.14
128.8,-2428.96,2294.52
128.8,-2439.29,2289.86
128.9,-2435.94,2292.66
129,-2449.02,2283.6
129.1,-2462.7,2278.21
129.1,-2476.03,2276.95
129.2,-2476.81,2276.36
129.3,-2485.8,2274.16
129.4,-2493.38,2271.43
129.4,-2495.6,2265.1
129.5,-2502.28,2265.07
129.6,-2509.65,2259.6
129.7,-2521.88,2257.7
129.7,-2522.97,2259.52
129.8,-2532.91,2257.7
129.9,-2543.15,2254.9
129.9,-2553.03,2252.98
130,-2552.51,2252.75
130.1,-2565.18,2250.13
130.1,-2575.14,2248.42
130.2,-2579.94,2245.51
130.3,-2592.88,2237.99
130.3,-2606.31,2235.81
130.4,-2605.57,2239.92
130.5,-2610.9,2236.01
130.5,-2620.12,2237.98
130.6,-2616.62,2238.09
130.7,-2635.14,2230.75
130.8,-2645.6,2233.89
130.8,-2652.48,2230.34
130.9,-2658.03,2229.78
131,-2670.37,2236.17
131,-2686.32,2230.71
131.1,-2685.81,2232.01
131.2,-2701.87,2226.72
131.3,-2719.07,2226.27
131.3,-2732.34,2230.68
131.4,-2734.75,2228.03
131.5,-2747.02,2228.42
131.6,-2761.67,2219.99
131.6,-2772.71,2218.23
131.7,-2775.52,2217.27
131.8,-2788.53,2212.15
131.8,-2798.97,2210.17
131.9,-2799.91,2209.33
132,-2813.58,2206.9
132,-2827.19,2200.37
132.1,-2825.22,2200.91
132.2,-2835.97,2198.08
132.3,-2848.58,2182.84
132.3,-2854.21,2183.81
132.4,-2854.54,2182.24
132.5,-2865.55,2177.4
132.5,-2879.66,2175.44
132.6,-2879.06,2175.13
132.7,-2887.01,2177.47
132.8,-2900.4,2178.1
132.8,-2909.77,2176.26
132.9,-2917.87,2177.06
133,-2932.18,2178.65
133.1,-2947.61,2189.26
133.1,-2955.79,2195.43
133.2,-2956.93,2197.98
133.3,-2965.01,2214.64
133.4,-2974.83,2212.44
133.4,-2986.76,2212.29
133.5,-2988.98,2215.35
133.6,-3000.21,2214.81
133.6,-3011.68,2220.95
133.7,-3007.64,2222.58
133.8,-3013.9,2226.76
133.8,-3023.31,2231.36
133.9,-3025.35,2229.21
134,-3041.79,2233.17
134,-3055.9,2228.73
134.1,-3058.11,2229.19
134.2,-3071,2224.57
134.2,-3081.56,2220.84
134.3,-3079.69,2216.42
134.4,-3089.86,2214.22
134.4,-3101.58,2210.96
134.5,-3101.66,2207.88
134.6,-3113.08,2209.34
134.6,-3121.96,2206.83
134.7,-3119.99,2209.61
134.8,-3128.27,2207.56
134.9,-3137.29,2207.28
134.9,-3139.66,2205.26
135,-3148.62,2203.15
135,-3158.05,2206.6
135.1,-3160.98,2209.33
135.2,-3172.56,2206.51
135.2,-3180.97,2208.75
135.3,-3182.65,2211.13
135.4,-3192.6,2211.07
135.5,-3204.08,2208.97
135.5,-3207.72,2206.88
135.6,-3218.82,2202.63
135.7,-3229.77,2202.9
135.7,-3233.43,2199.97
135.8,-3242.28,2198.06
135.9,-3249.25,2199.05
135.9,-3256.2,2197.38
136,-3260.98,2196.17
136.1,-3270.69,2194.17
136.1,-3283.62,2194.28
136.2,-3284.18,2193.39
136.3,-3296.96,2192.74
136.3,-3307.8,2194.22
136.4,-3306.25,2194.51
136.5,-3315.49,2190.63
136.5,-3326.86,2193.42
136.6,-3328.4,2191.4
136.7,-3338.55,2189.44
136.7,-3350.75,2187.99
136.8,-3349.32,2188.93
136.9,-3356.98,2184.21
136.9,-3369,2181.75
137,-3371.14,2178.56
137.1,-3383.07,2177.11
137.1,-3394.59,2173.51
137.2,-3394.95,2177.36
137.3,-3405.9,2175.12
137.3,-3415.65,2172.76
137.4,-3415.67,2173.81
137.5,-3424.79,2172.12
137.5,-3439.42,2165.88
137.6,-3440.55,2166.86
137.7,-3454.87,2171.48
137.8,-3461.01,2178.69
137.8,-3462.49,2174.04
137.9,-3472.01,2171.34
137.9,-3485.64,2164.98
138,-3482.85,2159.58
138.1,-3495.76,2160.64
138.2,-3516.45,2154.42
138.2,-3531.38,2154.94
138.3,-3532.62,2153.51
138.4,-3545.3,2148.35
138.5,-3554.68,2150.53
138.5,-3565.82,2145.68
138.6,-3568.99,2141.56
138.7,-3583.12,2137.97
138.7,-3596.11,2134.44
138.8,-3595.33,2143.39
138.9,-3602.58,2138.98
138.9,-3610.8,2133.23
139,-3606.88,2139.15
139.1,-3609.62,2134.63
139.1,-3620.65,2129.76
139.2,-3624.55,2129.79
139.3,-3637.66,2125.15
139.4,-3649.76,2122.95
139.4,-3660.41,2117.94
139.5,-3660.45,2119.33
139.6,-3668.12,2118.86
139.6,-3676.02,2115.62
139.7,-3674.89,2115.56
139.8,-3690.47,2103.75
139.9,-3704.66,2112.6
139.9,-3716.89,2112.61
140,-3714.92,2117.43
140.1,-3723.29,2110.78
140.2,-3731.17,2111.01
140.2,-3738.65,2106.85
140.3,-3737.81,2107.18
140.4,-3743.49,2106.02
140.4,-3753.52,2102.37
140.5,-3753.41,2102.63
140.6,-3762.11,2103.18
140.6,-3764,2101.99
140.7,-3770.39,2101.74
140.8,-3780.96,2102.21
140.8,-3793.87,2101.08
140.9,-3793.57,2102.19
141,-3806.47,2101.54
141,-3817.79,2097.17
141.1,-3817.67,2097.34
141.2,-3830.19,2087.99
141.2,-3840.13,2087.28
141.3,-3839.99,2085.78
141.4,-3853.59,2075.02
141.4,-3863.25,2074.92
141.5,-3864.5,2072.7
141.6,-3878.15,2070.23
141.6,-3891.24,2069.22
141.7,-3892.12,2068.53
141.8,-3907.2,2064.19
141.8,-3918.13,2071.55
141.9,-3922.36,2067.04
142,-3938.74,2072.05
142.1,-3944.16,2065.13
142.1,-3952.41,2059.21
142.2,-3950.98,2058.96
142.3,-3957.84,2049.46
142.3,-3969.28,2043.72
142.4,-3971.86,2043.3
142.5,-3976.91,2050.78
142.5,-3983.54,2036.99
142.6,-3979.91,2040.39
142.7,-3984.84,2035.85
142.8,-3994.12,2029.36
142.8,-3993.6,2029.02
142.9,-4002.65,2031.48
143,-4016.66,2033.65
143,-4026.14,2039.66
143.1,-4029.26,2036.72
143.2,-4043.99,2035.34
143.3,-4062.39,2029.35
143.3,-4071.89,2029.86
143.4,-4073.02,2029.13
143.5,-4085.14,2025.26
143.5,-4095.93,2021.69
143.6,-4097.48,2021.06
143.7,-4109.69,2019.18
143.8,-4122.05,2015.46
143.8,-4132.56,2014.03
143.9,-4136.14,2013.87
144,-4146.15,2014.03
144,-4157.5,2008.71
144.1,-4160.75,2006.12
144.2,-4171.92,2009.04
144.2,-4184.42,2006.38
144.3,-4181.4,2008.33
144.4,-4190.66,2002.57
144.5,-4197.61,1998.84
144.5,-4210.1,1990.66
144.6,-4209.08,1989.26
144.7,-4220.61,2002.54
144.7,-4235.13,2000.8
144.8,-4235.66,2000.8
144.9,-4251.8,2003.7
144.9,-4267.22,2008.26
145,-4266.52,2007.97
145.1,-4282.52,1997.13
145.2,-4285.34,2029.27
145.2,-4299.24,2039.51
145.3,-4296.81,2041.45
145.4,-4301.51,2041.18
145.5,-4304.46,2040.88
145.5,-4304.16,2041.17
145.6,-4314.55,2038.44
145.7,-4324.58,2052.08
145.7,-4332.85,2048.75
145.8,-4331.63,2049.8
145.9,-4341.14,2047.24
145.9,-4342.11,2048.67
146,-4343.5,2048.33
146.1,-4345.69,2050.78
146.2,-4350.92,2056
146.2,-4351.99,2056.7
146.3,-4350.21,2070.29
146.4,-4343.25,2082.85
146.4,-4335.42,2096.68
146.5,-4329.32,2105.65
146.6,-4323.25,2112.72
146.6,-4312.59,2125.02
146.7,-4311.71,2125.8
146.8,-4299.26,2133.45
146.8,-4291.15,2139.9
146.9,-4290.11,2139.93
147,-4275.36,2150.23
147,-4259.48,2160.6
147.1,-4258.61,2162.32
147.2,-4240.16,2171.18
147.3,-4224.88,2176.32
147.3,-4221.9,2177.31
147.4,-4214.43,2178.6
147.5,-4201.32,2179.68
147.5,-4184.61,2181.04
147.6,-4183.94,2181.37
147.7,-4171.07,2181.54
147.8,-4160.19,2177.96
147.8,-4156.4,2176.38
147.9,-4156.28,2175.95
148,-4157.73,2174.92
148,-4152.9,2170.91
148.1,-4153.52,2170.96
148.2,-4151.36,2172.33
148.2,-4147.02,2168.19
148.3,-4147.69,2169.98
148.4,-4148.91,2169.57
148.5,-4141.8,2164.14
148.5,-4139.28,2161.54
148.6,-4138.35,2160.29
148.7,-4134.81,2154.97
148.7,-4128.1,2147.7
148.8,-4127.59,2149.51
148.8,-4122.93,2144.02
148.9,-4122.79,2144.56
149,-4118.69,2140.76
149.1,-4109.88,2134.19
149.1,-4101.96,2124.68
149.2,-4102.44,2126.82
149.3,-4099.6,2121.45
149.3,-4096.37,2115.97
149.4,-4099.02,2119.54
149.5,-4096.32,2114.45
149.5,-4093.14,2108.13
149.6,-4093.78,2107.2
149.7,-4090.29,2098.5
149.7,-4087.13,2091.17
149.8,-4084.22,2089.54
149.9,-4078.85,2079.96
149.9,-4073.22,2071.38
150,-4072.53,2070.51
150.1,-4068.81,2067.32
150.1,-4064.79,2065.91
150.2,-4062.33,2057.56
150.3,-4057.35,2045.11
150.4,-4048.32,2030.88
150.4,-4054.96,2029.98
150.5,-4052.63,2028.03
150.6,-4055.16,2026.12
150.6,-4056.96,2028.51
150.7,-4052.51,2017.61
150.8,-4058.6,2014.56
150.8,-4047.01,1998.14
150.9,-4049.07,2000
151,-4044.38,1990.27
151,-4032.85,1978.69
151.1,-4034.13,1979.68
151.2,-4026.63,1969.64
151.3,-4018.21,1960.73
151.3,-4013.84,1953.68
151.4,-4012.65,1952.09
151.5,-4008.76,1945.24
151.5,-4004.94,1938.08
151.6,-4006.99,1944.15
151.7,-4011.61,1946.04
151.7,-4006.15,1938.43
151.8,-4007.25,1938.33
151.9,-3995.09,1922.68
151.9,-3989.06,1912.13
152,-3987.6,1910.62
152.1,-3978.15,1896.96
152.1,-3975.14,1890.97
152.2,-3974.2,1890.76
152.3,-3969.06,1882.24
152.3,-3963.51,1872.69
152.4,-3962.54,1871.07
152.5,-3965.27,1868.71
152.5,-3963.58,1862.74
152.6,-3962.15,1862.57
152.7,-3964.71,1861.71
152.8,-3966.34,1859.13
152.8,-3961.16,1851.06
152.9,-3963.34,1852.76
153,-3953.59,1846.76
153,-3939.86,1836.76
153.1,-3937.11,1831.99
153.2,-3929.29,1823.1
153.2,-3919.73,1813.39
153.3,-3915.17,1804.74
153.4,-3903.21,1794.87
153.4,-3899.63,1790.94
153.5,-3900.7,1789.67
153.6,-3892.33,1779.59
153.6,-3891.05,1775.75
153.7,-3891.5,1778.83
153.8,-3896.21,1781.69
153.8,-3895.77,1779.38
153.9,-3893.72,1778.87
154,-3900.18,1780.91
154.1,-3903.98,1781.73
154.1,-3905.54,1781.59
154.2,-3904.06,1777.94
154.3,-3904.23,1776.87
154.3,-3899.16,1771.63
154.4,-3902.38,1774.82
154.5,-3896.31,1769.83
154.5,-3892.94,1762.11
154.6,-3890.9,1759.49
154.7,-3882.2,1749.07
154.7,-3884.54,1747.24
154.8,-3884.09,1748.6
154.9,-3887.02,1749.32
155,-3888.51,1746.8
155,-3887.47,1745.68
155.1,-3886.6,1744.29
155.2,-3878.01,1731.76
155.2,-3871.84,1721.82
155.3,-3865.13,1716.71
155.4,-3861.6,1712.88
155.4,-3858.56,1710.6
155.5,-3857.32,1709.16
155.6,-3851.04,1701.02
155.6,-3847.57,1691.43
155.7,-3845.65,1689.38
155.8,-3843.81,1682.9
155.8,-3841.59,1675.82
155.9,-3841.85,1677.08
156,-3839.4,1669.54
156,-3833.81,1657.73
156.1,-3833.04,1654.8
156.2,-3826.42,1641.86
156.2,-3823.14,1635.52
156.3,-3819.48,1633.06
156.4,-3817.22,1626.81
156.4,-3810.89,1614.97
156.5,-3813.4,1617.49
156.6,-3805.79,1601.72
156.7,-3796.46,1588.25
156.7,-3792.43,1579.51
156.8,-3795.34,1582.35
156.9,-3790.25,1573.1
156.9,-3785.43,1563.75
157,-3789.53,1567.18
157.1,-3784.35,1556.96
157.2,-3779.91,1549.11
157.2,-3774.47,1538.23
157.3,-3774.04,1537.52
157.3,-3768.47,1527.1
157.4,-3764.75,1523.33
157.5,-3763.88,1520.3
157.6,-3759.72,1518.04
157.6,-3764.74,1521.34
157.7,-3763.67,1520.93
157.8,-3765.01,1525.06
157.9,-3769.36,1526.34
157.9,-3771.21,1528.27
158,-3768.01,1518.87
158.1,-3762.26,1505.96
158.1,-3760.41,1501.25
158.2,-3758.44,1492.7
158.3,-3748.17,1474.59
158.3,-3738.67,1456.39
158.4,-3740.02,1455.01
158.5,-3728.12,1434.4
158.5,-3716.61,1417.08
158.6,-3717.13,1415.23
158.7,-3705.93,1399.65
158.8,-3699.5,1389.38
158.8,-3695.36,1381.7
158.9,-3692.54,1376.56
159,-3687.06,1368.58
159,-3684.67,1363.77
159.1,-3684.59,1364.26
159.2,-3685.78,1361.46
159.2,-3674.71,1346.64
159.3,-3676.47,1347.76
159.4,-3671.42,1338.01
159.4,-3661.54,1327.56
159.5,-3662.44,1328.04
159.6,-3653.5,1319.6
159.6,-3640.97,1313.97
159.7,-3641.11,1314.1
159.8,-3622.36,1299.86
159.9,-3613.23,1292.19
159.9,-3610.71,1290
160,-3601.93,1280.3
160.1,-3600.06,1275.85
160.1,-3588.13,1260.13
160.2,-3583.14,1254.07
160.3,-3573.88,1235.5
160.3,-3565.39,1219.09
160.4,-3559.75,1214.75
160.5,-3554.05,1198.03
160.5,-3549.57,1180.16
160.6,-3547.78,1175.33
160.7,-3545.44,1160.66
160.8,-3546.19,1146.25
160.8,-3546.82,1143.79
160.9,-3547.96,1129.76
161,-3553.08,1114.17
161,-3553.13,1090.53
161.1,-3553.87,1091.78
161.2,-3560.2,1074.26
161.3,-3563.38,1059.79
161.3,-3562.72,1059.08
161.4,-3562.25,1047.36
161.5,-3558.53,1043.45
161.5,-3555.15,1039.88
161.6,-3554.83,1038.18
161.7,-3554.8,1033.99
161.7,-3551.44,1034.33
161.8,-3553.91,1033.68
161.9,-3557.93,1029.88
161.9,-3559.9,1026.13
162,-3561.81,1025.98
162.1,-3564.59,1021.82
162.1,-3564.66,1017.13
162.2,-3562.22,1020.5
162.3,-3553.25,1020.67
162.3,-3552.36,1018.05
162.4,-3552.03,1017.79
162.5,-3546.49,1019.98
162.6,-3543.03,1019.88
162.6,-3537.34,1027.85
162.7,-3538.21,1027.41
162.8,-3536.08,1028.4
162.8,-3530.8,1030.19
162.9,-3533.07,1030.21
163,-3527.89,1032.51
163.1,-3517.63,1035.56
163.1,-3508.31,1035.32
163.2,-3507.42,1036.03
163.3,-3499.51,1038.17
163.3,-3490.95,1041.6
163.4,-3491.69,1040.97
163.5,-3485.46,1044.38
163.5,-3476,1049.57
163.6,-3474.34,1050.23
163.7,-3464.81,1053.08
163.7,-3455.76,1057.59
163.8,-3457.85,1056.26
163.9,-3446.9,1058.43
164,-3437.19,1059.08
164,-3431.26,1060.54
164.1,-3417.98,1066.44
164.2,-3401.31,1068
164.2,-3383.84,1073.72
164.3,-3382.45,1075.19
164.4,-3367.98,1080.55
164.4,-3354.02,1084.8
164.5,-3355.77,1085.85
164.6,-3340.57,1092.12
164.6,-3328.92,1092.06
164.7,-3327.61,1092.64
164.8,-3316.63,1095.42
164.8,-3303.45,1100.72
164.9,-3301.55,1100.27
165,-3289.83,1103.05
165,-3283.37,1104.55
165.1,-3280.66,1106.99
165.2,-3271.02,1106.46
165.2,-3261.27,1108.21
165.3,-3261.82,1104.49
165.4,-3254.86,1108.98
165.5,-3249.59,1106.89
165.5,-3249.02,1111.48
165.6,-3241.01,1112.89
165.6,-3232.04,1116.24
165.7,-3231.87,1118.13
165.8,-3221.32,1120.35
165.9,-3210.7,1120.96
165.9,-3200.35,1123.85
166,-3200.59,1123.3
166.1,-3189.74,1120.84
166.1,-3185.8,1123.29
166.2,-3175.95,1124.23
166.3,-3156.56,1132.61
166.3,-3148.71,1129.99
166.4,-3136.11,1133.11
166.5,-3117.82,1145.39
166.5,-3101.86,1151.38
166.6,-3101.21,1152.19
166.7,-3091.94,1159.68
166.8,-3082.08,1169.82
166.8,-3068.37,1168.52
166.9,-3069.12,1169.97
167,-3059.03,1165.65
167.1,-3048.97,1165.72
167.1,-3036.94,1165.22
167.2,-3032.44,1166.56
167.3,-3021.25,1168.99
167.4,-3017.5,1171.58
167.4,-3011.49,1182.45
167.5,-3008.15,1184.12
167.6,-3006.46,1188.99
167.6,-2998.31,1196.27
167.7,-3002.12,1195.76
167.8,-2993.88,1204.21
167.9,-2981.28,1208.9
167.9,-2970.48,1205.96
168,-2969.69,1204.41
168.1,-2958.54,1207.44
168.2,-2937.17,1210.09
168.2,-2927.19,1208.51
168.3,-2921.37,1209.02
168.4,-2905.26,1224.94
168.4,-2896.79,1228.57
168.5,-2888.89,1230.2
168.6,-2881.04,1234.76
168.6,-2872.98,1238.3
168.7,-2876.04,1238.44
168.8,-2864.17,1242.83
168.9,-2852.07,1244.47
168.9,-2840.24,1245.96
169,-2839.15,1245.89
169.1,-2831.93,1243.99
169.1,-2825.17,1245.63
169.2,-2825.53,1242.67
169.3,-2817.55,1243.11
169.3,-2808.86,1243.26
169.4,-2807,1238.5
169.5,-2794.78,1246.06
169.6,-2790.85,1241.19
169.6,-2795.83,1218.24
169.7,-2798.02,1213.74
169.8,-2789.78,1220.89
169.8,-2783.77,1224.17
169.9,-2786.4,1224.89
170,-2771.51,1237.14
170.1,-2764.82,1234.36
170.1,-2759.22,1235.11
170.2,-2751.13,1238.81
170.3,-2741.82,1236.28
170.4,-2727.94,1238.5
170.4,-2726.05,1234.51
170.5,-2714.84,1239.35
170.6,-2692.76,1243.96
170.6,-2682.65,1240.37
170.7,-2680.24,1239.86
170.8,-2667.84,1244.13
170.8,-2661.05,1248
170.9,-2661.55,1245.4
171,-2660.22,1246.01
171.1,-2649.42,1254.98
171.1,-2638.34,1255.08
171.2,-2640.73,1250.72
171.3,-2635.05,1248.82
171.3,-2622.91,1254.05
171.4,-2623.24,1253.36
171.5,-2615.15,1250.92
171.5,-2604.48,1247.15
171.6,-2603.87,1247.41
171.7,-2593.39,1245.3
171.7,-2581.4,1253.01
171.8,-2581.67,1252.6
171.9,-2568.55,1261.99
171.9,-2560.73,1260.28
172,-2560.32,1261.65
172.1,-2547.35,1257.62
172.1,-2538.19,1261
172.2,-2536.91,1260.23
172.3,-2531.39,1257.6
172.4,-2521.93,1261.37
172.4,-2510.68,1269.16
172.5,-2513.51,1269.45
172.6,-2503.45,1274.95
172.6,-2492.55,1279.69
172.7,-2497.9,1278.75
172.8,-2491.62,1278.05
172.8,-2481.83,1279.75
172.9,-2485.06,1281.93
173,-2477.4,1281.73
173,-2477.31,1281.34
173.1,-2467.7,1277.32
173.2,-2455.91,1273.88
173.2,-2444.8,1266.38
173.3,-2443.81,1265.97
173.4,-2430.99,1264.91
173.4,-2414.09,1268.28
173.5,-2412.4,1273.15
173.6,-2402.06,1270.63
173.6,-2392.22,1271.49
173.7,-2391.39,1270.39
173.7,-2381.86,1272.25
173.8,-2381.62,1271.92
173.9,-2378.29,1261.05
174,-2364.08,1267.2
174,-2354.05,1265.35
174.1,-2354.16,1268.85
174.2,-2340.42,1271.13
174.2,-2328.46,1271.04
174.3,-2323.99,1276.35
174.4,-2312.76,1273.67
174.4,-2304.4,1269.92
174.5,-2305.17,1268.11
174.6,-2295.67,1270.97
174.6,-2285.01,1272.04
174.7,-2285.08,1271.88
174.8,-2276.37,1273.29
174.8,-2267.51,1274.06
174.9,-2263.25,1274.63
175,-2253.3,1276.01
175,-2242.81,1280.28
175.1,-2244.64,1279.55
175.2,-2234.57,1284.99
175.3,-2222.14,1288.88
175.3,-2213.99,1281.16
175.4,-2213.52,1281.63
175.5,-2203.88,1275.18
175.5,-2192.13,1279.86
175.6,-2192.13,1279.49
175.7,-2180.71,1280.43
175.7,-2167.22,1281.15
175.8,-2166.84,1281.74
175.9,-2151.89,1284.81
175.9,-2139.05,1288.43
176,-2140.91,1285.06
176.1,-2132.33,1291.93
176.1,-2122.01,1295.33
176.2,-2127.1,1293.88
176.3,-2112.4,1302.55
176.3,-2098.04,1304.65
176.4,-2100.32,1304.67
176.5,-2091.94,1301.74
176.5,-2080.85,1302.06
176.6,-2083.56,1302.73
176.7,-2069.94,1309.9
176.8,-2060.3,1310.34
176.8,-2051.03,1310.57
176.9,-2050.74,1312.11
177,-2036.23,1312.21
177,-2026.81,1313.19
177.1,-2021.36,1313.85
177.1,-2010.15,1318.18
177.2,-2008.68,1322.13
177.3,-1999.94,1322.93
177.4,-1987.07,1323.79
177.4,-1982.26,1321.91
177.5,-1972.13,1325.45
177.5,-1963.79,1321.4
177.6,-1958.88,1322.01
177.7,-1948.13,1321.25
177.8,-1938.57,1322.85
177.8,-1930.77,1329.76
177.9,-1931.32,1328.54
178,-1921.65,1331.14
178,-1912.7,1336.77
178.1,-1913.86,1336.16
180.1,-1902.73,1340.32
180.2,-1891.95,1334.53
180.2,-1886.12,1335.69
180.3,-1881.68,1335.01
180.4,-1874.76,1331.29
180.4,-1864.05,1334.77
180.5,-1865.84,1333.87
180.6,-1858.05,1338.31
180.6,-1850.77,1339.61
180.7,-1848.12,1339.35
180.8,-1838.48,1337.51
180.8,-1830.04,1339.67
180.9,-1834.22,1337.71
181,-1823.48,1344.85
181,-1809,1350
181.1,-1807.55,1352.93
181.2,-1800.76,1353.58
181.2,-1790.37,1357.25
181.3,-1794.17,1350.74
181.4,-1787.36,1356.75
181.4,-1774.85,1362.58
181.5,-1776.95,1364.93
181.6,-1764.08,1365.29
181.6,-1759.7,1366.69
181.7,-1749.97,1373.1
181.8,-1739.62,1376.63
181.8,-1730.07,1381.71
181.9,-1725.49,1380.39
182,-1716.75,1384.63
182,-1707.53,1387.23
182.1,-1705.97,1386.66
182.2,-1696.84,1387.95
182.2,-1691.06,1389.11
182.3,-1692.44,1386.34
182.4,-1687.2,1389.9
182.4,-1678.4,1394.53
182.5,-1686.29,1388.45
182.6,-1684.86,1383.97
182.6,-1685.91,1376.72
182.7,-1685.3,1382.08
182.8,-1672.21,1382.58
182.8,-1664.73,1379.1
182.9,-1658.49,1380.69
183,-1647.07,1376.25
183,-1636.36,1377.76
183.1,-1637.34,1377.59
183.2,-1626.53,1381.25
183.2,-1617.83,1386.11
183.3,-1612.73,1389.1
183.4,-1602.07,1389.98
183.4,-1592.44,1392.09
183.5,-1591.26,1386.06
183.6,-1583.05,1390.73
183.6,-1572.17,1398.24
183.7,-1575.7,1395.63
183.8,-1565.65,1400.93
183.8,-1556,1402.07
183.9,-1555.53,1406.79
184,-1544.34,1398.81
184,-1537.91,1396.41
184.1,-1537.13,1395.95
184.2,-1528.23,1396.65
184.2,-1520.73,1402.04
184.3,-1521.77,1401.23
184.4,-1513.66,1404.95
184.4,-1508.91,1407.89
184.5,-1508.1,1408.19
184.6,-1497.82,1411.62
184.6,-1492.09,1413.24
184.7,-1496.15,1409.71
184.8,-1485.08,1414.53
184.8,-1472.39,1417.23
184.9,-1472.47,1418.17
185,-1457.82,1424.64
185,-1446.94,1422.28
185.1,-1444.74,1423.28
185.2,-1437.08,1421.8
185.2,-1430.91,1421.77
185.3,-1432.11,1420.27
185.4,-1423.42,1425.51
185.4,-1414.96,1426.33
185.5,-1415.69,1427.99
185.6,-1405.01,1430.17
185.7,-1395.11,1427.7
185.7,-1386.08,1425.17
185.8,-1386.72,1425.76
185.9,-1376.34,1428.68
185.9,-1370.7,1430.52
186,-1368.87,1434.93
186.1,-1352.27,1439.8
186.1,-1341.74,1442.53
186.2,-1341.44,1441.82
186.3,-1330.62,1445.49
186.3,-1320.37,1441.61
186.4,-1318.37,1440.53
186.5,-1308.16,1441.14
186.5,-1298.53,1443.14
186.6,-1293.78,1448.11
186.7,-1281.19,1448.85
186.7,-1270.2,1453.7
186.8,-1271.31,1451.17
186.9,-1259.08,1458.18
187,-1247.73,1462.28
187,-1238.72,1465.44
187.1,-1234.07,1468.42
187.2,-1219.54,1476.07
187.2,-1208.29,1476.13
187.3,-1206.38,1477.19
187.4,-1197.37,1479.02
187.4,-1187.17,1485.89
187.5,-1187.91,1485.9
187.6,-1177.15,1490.42
187.6,-1166.15,1490.54
187.7,-1166.06,1490.52
187.8,-1157.02,1491.55
187.8,-1145.26,1502.53
187.9,-1145.4,1500.65
188,-1143.94,1499.01
188.1,-1138.14,1499.24
188.1,-1139.2,1499.67
188.2,-1133.28,1499.72
188.3,-1119.47,1502.85
188.3,-1105.95,1503.8
188.4,-1104.07,1506.13
188.5,-1096.54,1504.57
188.6,-1089.65,1506.93
188.6,-1080.04,1509.71
188.7,-1079.99,1511
188.8,-1074.01,1505.24
188.8,-1068.56,1503.18
188.9,-1066.17,1504.15
189,-1054.88,1498.47
189,-1047.76,1502.12
189.1,-1050.28,1498.64
189.2,-1045.41,1502.69
189.2,-1040.01,1508.75
189.3,-1038.79,1510.03
189.4,-1029.04,1509.93
189.4,-1019.61,1514.63
189.5,-1019.61,1510.46
189.6,-1011.07,1513.82
189.7,-1002.98,1516.89
189.7,-999.507,1518.37
189.8,-992.479,1521.72
189.9,-982.739,1525.45
189.9,-972.34,1529.6
190,-972.486,1529.71
190.1,-963.171,1534.02
190.1,-947.713,1540.29
190.2,-948.409,1540.02
190.3,-933.998,1552.2
190.3,-913.239,1555.28
190.4,-913.032,1556.95
190.5,-897.112,1562.79
190.5,-884.795,1562.68
190.6,-883.666,1564.04
190.7,-870.882,1565.35
190.7,-859.894,1569.66
190.8,-859.694,1569.61
190.9,-842.307,1576
190.9,-837.542,1576.34
191,-837.249,1576.49
191.1,-834.674,1569.53
191.1,-827.536,1576.04
191.2,-828.732,1573.68
191.3,-823.003,1575.89
191.3,-812.927,1586.96
191.4,-814.934,1585.08
191.5,-809.009,1582.79
191.5,-794.311,1591.17
191.6,-794.753,1591.05
191.7,-785.813,1594.8
191.7,-775.052,1597.48
191.8,-774.421,1597.75
191.9,-756.633,1606.3
191.9,-750.362,1602.39
192,-748.715,1604.11
192.1,-735.581,1607.99
192.1,-729.201,1605.45
192.2,-727.544,1606.99
192.3,-718.596,1607.55
192.3,-710.733,1613.55
192.4,-711.196,1613.49
192.5,-701.649,1622.33
192.6,-694.372,1621.65
192.6,-692.916,1613
192.7,-691.467,1615.44
192.8,-678.737,1617.72
192.8,-671.318,1618.05
192.9,-666.788,1618.51
192.9,-660.85,1620.27
193,-660.614,1620.09
193.1,-651.928,1619.67
193.2,-644.62,1621.03
193.2,-640.425,1622.77
193.3,-632.664,1622.34
193.4,-622.534,1626.63
193.4,-613.712,1629.35
193.5,-614.371,1627.9
193.6,-604.437,1633.3
193.6,-597.865,1637.34
193.7,-598.036,1636.85
193.8,-586.178,1641.65
193.9,-575.863,1642.18
193.9,-565.488,1648.71
194,-564.418,1647.31
194.1,-556.849,1648.99
194.1,-548.029,1653.69
194.2,-548.523,1653.34
194.3,-535.429,1658.68
194.3,-523.595,1661.58
194.4,-522.014,1662.78
194.5,-516.653,1661.77
194.6,-515.32,1657.59
194.6,-515.341,1659.55
194.7,-515.085,1659.3
194.8,-508.311,1645.76
194.9,-503.039,1646.99
194.9,-498.124,1651.88
195,-495.184,1644.12
195.1,-500.728,1623.79
195.1,-500.913,1624.07
195.2,-501.432,1624.02
195.3,-520.965,1612.1
195.3,-522.175,1601.71
195.4,-525.754,1605.09
195.5,-518.497,1596.76
195.5,-516.566,1602.26
195.6,-507.336,1599.19
195.7,-506.316,1589.86
195.7,-502.962,1589.42
195.8,-505.578,1584.24
195.9,-513.838,1565.97
195.9,-518.808,1553.04
196,-527.421,1547.14
196.1,-538.67,1535.97
196.1,-537.653,1539.11
196.2,-544.773,1535.28
196.3,-551.759,1536.03
196.3,-551.701,1540.43
196.4,-554.578,1537.51
196.5,-558.024,1539.69
196.5,-559.083,1542.37
196.6,-559.314,1542.14
196.6,-559.492,1542.07
