0,-43.2955,99.0993
0.1,-43.0713,99.435
0.2,-61.1879,109.175
0.3,-63.4406,100.717
0.3,-64.5591,94.5958
0.4,-64.4678,94.5516
0.5,-63.0473,94.8859
0.5,-61.0383,98.9311
0.6,-61.03,98.9271
0.7,-61.5604,104.912
0.7,-70.5531,122.834
0.8,-69.8479,121.995
0.8,-74.5841,138.234
0.9,-66.7873,137.568
1,-68.2708,158.001
1,-74.5024,174.947
1.1,-74.2777,174.669
1.2,-74.0233,174.781
1.2,-74.0815,175.328
1.3,-74.4341,175.677
1.3,-75.328,176.321
1.4,-76.353,176.943
1.5,-77.5484,177.213
1.5,-79.103,177.361
1.6,-108.054,179.013
1.7,-122.891,169.087
1.7,-136.888,178.249
1.8,-138.079,175.518
1.9,-154.75,179.479
1.9,-163.999,179.906
2,-166.038,180.171
2.1,-175.872,181.154
2.1,-183.905,178.728
2.2,-183.867,179.034
2.2,-193.43,175.896
2.3,-186.692,172.495
2.4,-196.878,170.335
2.5,-204.354,166.314
2.5,-215.938,168.039
2.6,-215.204,167.163
2.6,-226.804,168.739
2.7,-228.498,169.73
2.8,-237.051,169.428
2.9,-247.737,168.693
2.9,-249.426,169.239
3,-260.241,165.278
3.1,-267.41,159.908
3.1,-269.56,161.389
3.2,-277.004,158.533
3.2,-284.509,158.457
3.3,-284.032,153.646
3.4,-295.285,152.448
3.4,-305.209,149.883
3.5,-305.448,151.115
3.6,-313.421,146.105
3.6,-324.427,142.292
3.7,-323.332,145.494
3.8,-330.443,139.442
3.8,-339.351,137.192
3.9,-339.977,137.934
4,-348.987,134.296
4,-358.333,131.055
4.1,-361.741,133.562
4.1,-366.123,129.323
4.2,-367.144,130.075
4.3,-373.237,128.108
4.3,-378.23,122.67
4.4,-377.976,123.551
4.4,-385.644,120.53
4.5,-387.013,119.03
4.6,-395.004,115.593
4.7,-404.622,108.881
4.7,-412.166,114.331
4.8,-412.441,113.585
4.9,-417.441,117.543
4.9,-422.985,114.388
5,-426.522,112.635
5,-436.617,110.541
5.1,-436.246,110.404
5.2,-445.075,108.948
5.2,-458.518,116.26
5.3,-458.331,115.663
5.4,-466.855,118.605
5.4,-471.996,117.226
5.5,-471.602,118.222
5.5,-479.982,117.491
5.6,-476.141,115.419
5.7,-483.092,115.541
5.7,-492.23,115.865
5.8,-494.585,113.424
5.9,-508.034,113.399
5.9,-520.173,112.328
6,-524.312,112.295
6.1,-537.465,113.26
6.1,-541.861,112.733
6.2,-552.773,111.636
6.2,-570.16,115.37
6.3,-571.048,114.825
6.4,-584.545,118.776
6.4,-595.049,117.799
6.5,-595.479,118.684
6.6,-601.59,120.978
6.6,-606.229,117.814
6.7,-604.978,118.613
6.8,-612.59,116.897
6.8,-626.969,115.113
6.9,-625.937,114.67
7,-637.6,111.466
7,-647.543,112.898
7.1,-651.855,110.159
7.1,-659.819,106.323
7.2,-663.305,105.876
7.3,-679.567,105.912
7.3,-690.357,104.163
7.4,-688.535,107.02
7.5,-694.935,104.052
7.5,-705.923,101.712
7.6,-704.47,100.955
7.7,-713.464,100.313
7.7,-717.935,100.745
7.8,-717.461,103.305
7.9,-722.556,101.207
7.9,-731.053,101.47
8,-726.649,101.766
8.1,-734.498,101.198
8.1,-743.299,101.003
8.2,-742.086,95.8851
8.3,-755.48,99.2055
8.3,-763.647,95.8337
8.4,-766.322,94.6568
8.5,-783.815,90.9684
8.5,-797.851,89.5802
8.6,-802.962,93.8306
8.6,-814.879,93.7553
8.7,-816.43,95.0009
8.8,-829.715,98.1602
8.8,-834.202,91.0421
8.9,-834.415,92.7121
9,-842.446,90.8513
9,-850.958,86.9314
9.1,-850.615,87.5276
9.2,-852.761,86.4242
9.2,-856.798,84.3366
9.3,-855.471,84.6736
9.4,-862.809,77.4149
9.4,-874.063,81.3443
9.5,-879.554,76.6842
9.5,-891.22,78.6481
9.6,-898.045,77.7685
9.7,-915.761,75.0084
9.7,-927.55,72.0846
9.8,-930.071,73.2033
9.9,-940.779,69.8343
9.9,-952.69,66.1319
10,-954.642,67.2213
10.1,-964.437,69.4134
10.1,-971.877,68.3779
10.2,-970.711,69.7776
10.3,-972.225,69.4533
10.3,-974.38,67.8399
10.4,-975.764,68.0537
10.5,-983.603,61.541
10.5,-992.785,60.4395
10.6,-996.89,57.1722
10.6,-1008.56,55.165
10.7,-1010.37,54.3961
10.8,-1020.62,50.1586
10.8,-1031.64,47.1755
10.9,-1035.02,48.5488
11,-1047.97,49.2132
11,-1059.12,47.1604
11.1,-1059.19,47.9152
11.2,-1062.37,49.104
11.2,-1069.11,48.7342
11.3,-1064.42,45.1396
11.4,-1076.4,44.3345
11.4,-1082.65,45.3185
11.5,-1084.4,46.2209
11.5,-1092.54,44.053
11.6,-1092.51,43.754
11.7,-1103.26,38.7242
11.7,-1113.73,36.1735
11.8,-1114.54,35.3864
11.9,-1129.12,33.4696
11.9,-1138.1,29.5192
12,-1140.15,29.8386
12.1,-1155.36,31.4548
12.1,-1161.34,28.5499
12.2,-1161.96,30.443
12.2,-1169.4,26.9287
12.3,-1169.51,31.9673
12.4,-1175.18,29.2575
12.4,-1181.33,26.0714
12.5,-1180.86,29.8178
12.6,-1184.48,25.1504
12.6,-1193.99,23.405
12.7,-1196.28,22.3339
12.8,-1207.97,22.207
12.8,-1216.26,20.6913
12.9,-1220.1,18.1534
13,-1231.62,14.4268
13,-1241.72,9.90257
13.1,-1241.05,9.98594
13.2,-1250.05,6.39562
13.2,-1256.82,4.34428
13.3,-1259.83,2.59288
13.3,-1269.22,3.24026
13.4,-1268.61,3.2722
13.5,-1278.95,3.79223
13.5,-1288.34,5.89274
13.6,-1288.08,6.02927
13.7,-1296.21,0.559003
13.7,-1308.73,1.94996
13.8,-1308.49,0.477257
13.9,-1315.83,-4.50207
13.9,-1326.53,-4.41181
14,-1326.45,-5.36735
14.1,-1332.2,-6.12955
14.1,-1339.01,-6.93589
14.2,-1337.63,-6.60952
14.3,-1338.89,-10.0799
14.3,-1347.96,-11.0804
14.4,-1348.09,-11.8025
14.5,-1358.71,-12.4097
14.5,-1367.39,-13.784
14.6,-1367.56,-14.2446
14.7,-1382.22,-12.6982
14.7,-1393.47,-14.8962
14.8,-1393.21,-10.4977
14.9,-1401.49,-9.06912
14.9,-1413.18,-10.9485
15,-1415.46,-9.06075
15,-1424.09,-11.9389
15.1,-1424.04,-11.1895
15.2,-1432.74,-11.3127
15.2,-1442.55,-13.7428
15.3,-1442.84,-13.4816
15.4,-1447.39,-18.3332
15.4,-1453.05,-17.4057
15.5,-1453.05,-18.1304
15.6,-1459.91,-26.1347
15.6,-1477.17,-21.029
15.7,-1477.87,-23.4409
15.8,-1493.94,-27.4137
15.8,-1507.54,-27.3066
15.9,-1509.2,-27.5251
15.9,-1521.09,-27.475
16,-1521.56,-26.1112
16.1,-1529.48,-30.5719
16.1,-1537.65,-33.3691
16.2,-1540.47,-29.472
16.3,-1548.1,-33.5921
16.3,-1557.88,-33.8427
16.4,-1557.14,-27.3332
16.5,-1559.75,-29.5168
16.5,-1569.12,-27.0811
16.6,-1563.41,-28.4271
16.6,-1575.09,-23.5405
16.7,-1573.37,-23.9408
16.8,-1580.58,-29.1891
16.9,-1592.19,-30.3227
16.9,-1597.11,-30.2626
17,-1607.06,-32.5917
17.1,-1615.8,-34.1655
17.1,-1624.42,-39.7507
17.2,-1625.92,-41.5259
17.2,-1635.39,-44.1766
17.3,-1635.84,-44.7096
17.4,-1647.96,-51.7952
17.5,-1661.91,-53.3169
17.5,-1671.33,-52.4862
17.6,-1673.8,-52.5656
17.7,-1684.43,-52.651
17.7,-1693.11,-54.0115
17.8,-1694.67,-55.9545
17.8,-1705.2,-55.6063
17.9,-1705.65,-56.1971
18,-1711.23,-57.4183
18,-1718.86,-60.8952
18.1,-1717.62,-60.8192
18.2,-1722.72,-60.1016
18.2,-1725.9,-64.3518
18.3,-1727.46,-64.3755
18.3,-1734.17,-67.2185
18.4,-1730.11,-66.9219
18.5,-1740.75,-72.7667
18.5,-1741.68,-81.2168
18.6,-1739.82,-80.9828
18.7,-1745.15,-85.5497
18.7,-1755,-82.9315
18.8,-1754.19,-82.7757
18.8,-1768.94,-76.7475
18.9,-1768.69,-76.6999
19,-1787.54,-65.4479
19,-1798.95,-66.0478
19.1,-1802.92,-65.7122
19.2,-1813.37,-66.5128
19.2,-1817.34,-70.0917
19.3,-1821.08,-70.4807
19.3,-1830.31,-71.361
19.4,-1824.2,-66.3856
19.5,-1821.91,-72.7523
19.5,-1827.81,-62.9079
19.6,-1823.45,-66.3931
19.7,-1839.13,-83.1265
19.7,-1851.43,-80.007
19.8,-1854.37,-82.3433
19.8,-1866.08,-84.4999
19.9,-1871.87,-87.5833
20,-1890.28,-82.57
20,-1900.17,-85.5268
20.1,-1900.82,-81.6154
20.2,-1901.83,-80.3035
20.2,-1901.68,-82.4161
20.3,-1902.62,-87.4712
20.3,-1909.5,-89.6675
20.4,-1909.72,-89.1541
20.4,-1918.2,-89.668
20.5,-1913.94,-89.4343
20.6,-1920.6,-88.6926
20.6,-1930.28,-90.7747
20.7,-1929.73,-88.8888
20.8,-1934.79,-93.3641
20.8,-1945.13,-88.7823
20.9,-1946.2,-84.0252
20.9,-1950.88,-91.2247
21,-1951.25,-89.3959
21.1,-1958.94,-87.8024
21.1,-1963.98,-92.5308
21.2,-1962.8,-93.0894
21.3,-1975.35,-95.4349
21.3,-1985.23,-96.6816
21.4,-1986.55,-95.6791
21.5,-1997.23,-98.439
21.6,-2008.18,-100.383
21.6,-2011.01,-102.23
21.7,-2016.12,-104.773
21.7,-2023.7,-106.829
21.8,-2024.68,-107.407
21.8,-2033.68,-108.644
21.9,-2034.33,-106.664
22,-2040.01,-104.915
22,-2045.3,-105.817
22.1,-2043.31,-106.83
22.2,-2049.65,-109.568
22.2,-2057.62,-112.23
22.3,-2056.71,-113.627
22.4,-2066.34,-116.448
22.4,-2067.75,-115.428
22.5,-2081.82,-113.289
22.5,-2093.31,-114.185
22.6,-2093.46,-112.974
22.7,-2100.9,-112.861
22.7,-2109.9,-115.757
22.8,-2109.25,-114.712
22.8,-2116.74,-116.246
22.9,-2111.86,-116.456
23,-2113.89,-117.586
23,-2122.46,-118.275
23.1,-2119.04,-120.705
23.2,-2127.52,-124.068
23.2,-2135.75,-124.996
23.3,-2137.46,-126.977
23.3,-2146.87,-126.098
23.4,-2147.02,-126.151
23.5,-2157.04,-126.888
23.5,-2167.61,-128.116
23.6,-2169.67,-129.394
23.7,-2183.8,-124.574
23.7,-2194.16,-124.564
23.8,-2193.62,-123.938
23.9,-2203.08,-123.565
23.9,-2213.07,-127.979
24,-2210.43,-126.325
24,-2217.87,-132.261
24.1,-2217.08,-131.749
24.2,-2226.42,-130.544
24.2,-2234.43,-131.994
24.3,-2234.13,-131.812
24.4,-2243.68,-133.769
24.4,-2252.01,-134.081
24.5,-2252.12,-134.249
24.6,-2261.67,-136.379
24.6,-2271.22,-139.557
24.7,-2271.49,-143.446
24.7,-2284.41,-143.443
24.8,-2286.46,-147.063
24.9,-2295.46,-143.902
24.9,-2308.71,-140.155
25,-2315.24,-138.36
25.1,-2327.66,-137.584
25.1,-2335.95,-139.093
25.2,-2335.61,-137.036
25.2,-2342.61,-140.768
25.3,-2342.52,-140.152
25.4,-2350.75,-146.16
25.4,-2359.93,-148.823
25.5,-2359.68,-149.37
25.6,-2370.95,-147.17
25.6,-2375.97,-148.022
25.7,-2382.16,-149.974
25.7,-2391.5,-150.086
25.8,-2393.15,-147.887
25.8,-2402.49,-148.464
25.9,-2402.98,-147.804
26,-2405.28,-148.765
26.1,-2412.79,-149.382
26.1,-2422.69,-151.492
26.2,-2422.29,-152.857
26.2,-2431.67,-155.897
26.3,-2431.54,-156.303
26.4,-2442.84,-160.203
26.4,-2453.42,-163.186
26.5,-2454.36,-163.22
26.5,-2466.77,-160.641
26.6,-2471.02,-159.521
26.7,-2481.43,-161.827
26.7,-2490.09,-169.645
26.8,-2488.92,-165.006
26.9,-2495.64,-170.91
26.9,-2504.54,-175.008
27,-2508.17,-177.564
27.1,-2518.22,-180.695
27.1,-2518.37,-180.518
27.2,-2530.96,-186.314
27.2,-2543.5,-188.405
27.3,-2544.32,-189.125
27.4,-2553.3,-187.277
27.4,-2562.93,-187.776
27.5,-2562.37,-187.396
27.6,-2566.76,-193.695
27.6,-2575.61,-195.836
27.7,-2573.79,-196.513
27.7,-2581.68,-198.933
27.8,-2579.12,-206.548
27.9,-2589.92,-208.548
27.9,-2601.48,-207.545
28,-2602.35,-210.378
28.1,-2614.34,-211.102
28.1,-2623.27,-211.4
28.2,-2621.48,-212.111
28.3,-2629.48,-211.376
28.3,-2640.94,-212.556
28.4,-2638.97,-216.68
28.5,-2647.32,-217.566
28.5,-2657.86,-216.172
28.6,-2657.05,-214.199
28.7,-2668.1,-210.289
28.7,-2675.38,-213.111
28.8,-2676.28,-210.228
28.9,-2682.81,-216.043
28.9,-2695.4,-210.961
29,-2694.29,-211.745
29,-2705.24,-210.825
29.1,-2703.85,-212.373
29.2,-2716.19,-214.243
29.2,-2730.62,-212.696
29.3,-2734.91,-209.918
29.4,-2745.68,-214.372
29.4,-2755.1,-223.638
29.5,-2756.85,-225.562
29.5,-2769.63,-226.621
29.6,-2771.64,-226.588
29.7,-2781.06,-233.46
29.7,-2792.48,-237.138
29.8,-2792.82,-237.133
29.9,-2804.02,-238.454
29.9,-2810.67,-244.479
30,-2810.57,-243.458
30.1,-2815.15,-250.928
30.1,-2826.02,-255.682
30.2,-2828.07,-255.205
30.2,-2840.02,-256.09
30.3,-2840.68,-254.241
30.4,-2847.3,-260.517
30.4,-2853.93,-261.904
30.5,-2853.2,-264.364
30.5,-2863.19,-265.655
30.6,-2864.25,-267.033
30.7,-2880.39,-263.264
30.7,-2890.53,-265.513
30.8,-2893.19,-262.084
30.9,-2902.22,-264.553
30.9,-2911.72,-266.93
31,-2910.06,-266.874
31.1,-2917.28,-267.414
31.1,-2926.47,-265.685
31.2,-2924.89,-268.921
31.3,-2935.74,-265.07
31.3,-2947.07,-262.634
31.4,-2949.7,-261.49
31.4,-2959.23,-263.364
31.5,-2962.13,-257.942
31.6,-2966.8,-262.687
31.6,-2975.24,-264.332
31.7,-2971.68,-263.691
31.8,-2977.32,-264.368
31.8,-2985.67,-267.266
31.9,-2986.29,-266.975
32,-2995.91,-270.034
32,-3004.9,-272.003
32.1,-3002.99,-268.132
32.2,-3011.46,-269.986
32.2,-3022.57,-271.87
32.3,-3018.85,-271.527
32.3,-3027.68,-274.607
32.4,-3026.56,-274.542
32.5,-3046.63,-281.912
32.5,-3063.54,-279.321
32.6,-3064.73,-280.453
32.7,-3077.99,-277.245
32.7,-3079.76,-280.11
32.8,-3079.78,-279.768
32.9,-3085.7,-290.008
32.9,-3096,-284.402
33,-3101.65,-288.555
33,-3112.28,-289.596
33.1,-3118.62,-287.189
33.1,-3130.45,-289.98
33.2,-3132.36,-289.289
33.3,-3142.2,-281.742
33.3,-3143.47,-287.267
33.4,-3142.95,-285.002
33.5,-3151.11,-289.204
33.5,-3162.14,-285.796
33.6,-3162.03,-286.568
33.7,-3173.49,-285.086
33.7,-3182.63,-282.995
33.8,-3183.29,-283.003
33.8,-3193.54,-280.167
33.9,-3195.13,-277.962
34,-3204.46,-278.25
34,-3212.64,-278.768
34.1,-3214.47,-278.075
34.2,-3224.21,-282.433
34.2,-3233.7,-285.494
34.3,-3235.11,-283.452
34.3,-3243.03,-287.054
34.4,-3243.45,-286.442
34.4,-3252.17,-287.334
34.5,-3248.77,-283.634
34.6,-3252.9,-286.244
34.6,-3259.76,-286.667
34.7,-3257.95,-287.279
34.8,-3266.56,-288.294
34.8,-3276.26,-288.604
34.9,-3276.8,-288.821
35,-3291.45,-289.151
35,-3300.7,-288.894
35.1,-3303.01,-286.681
35.2,-3310.69,-285.737
35.2,-3317.68,-288.122
35.3,-3317.39,-288.703
35.3,-3327.18,-291.459
35.4,-3327.1,-291.633
35.5,-3338.72,-300.154
35.5,-3351.24,-301.536
35.6,-3352.02,-302.082
35.7,-3361.07,-300.222
35.7,-3368.5,-305.781
35.8,-3362.19,-305.558
35.9,-3369.18,-309.925
35.9,-3372.79,-311.107
36,-3377.52,-315.686
36.1,-3387.22,-318.179
36.1,-3394.42,-324.095
36.2,-3395.75,-326.331
36.2,-3408.87,-326.755
36.3,-3410.63,-326.578
36.4,-3419.05,-324.954
36.4,-3426.29,-331.827
36.5,-3424.32,-330.426
36.6,-3426.94,-337.751
36.6,-3427.44,-336.736
36.7,-3435.82,-338.308
36.7,-3447.15,-336.78
36.8,-3448.16,-338.09
36.9,-3460.09,-337.187
36.9,-3470.25,-337.269
37,-3472.66,-336.465
37,-3484.09,-337.808
37.1,-3483.75,-336.637
37.2,-3491.99,-340.159
37.2,-3499.49,-336.323
37.3,-3499.56,-337.171
37.4,-3507.95,-335.409
37.4,-3513.9,-332.337
37.5,-3516.06,-334
37.6,-3531.49,-327.882
37.6,-3535.28,-329.3
37.7,-3536.24,-328.163
37.8,-3541.92,-333.089
37.8,-3544.53,-335.166
37.9,-3546.62,-333.209
38,-3545.24,-339.035
38,-3543.94,-344.221
38.1,-3543.31,-345.382
38.1,-3545.02,-353.288
38.2,-3541.2,-349.626
38.3,-3538.93,-363.026
38.3,-3537.45,-364.356
38.4,-3535.42,-363.908
38.5,-3537.75,-365.767
38.5,-3540.93,-373.962
38.6,-3540.81,-374.133
38.7,-3541.03,-374.482
38.7,-3541.3,-374.828
38.8,-3541.62,-375.502
38.9,-3542.03,-376.27
38.9,-3542.56,-376.824
39,-3543.02,-377.544
39,-3543.62,-378.104
39.1,-3544.19,-378.713
39.2,-3545.04,-379.308
39.2,-3546.12,-379.703
39.3,-3547.21,-380.093
39.4,-3548.66,-380.54
39.4,-3550.02,-380.797
39.5,-3551.78,-381.235
39.5,-3553.89,-381.799
39.6,-3555.84,-382.393
39.7,-3558.07,-383.052
39.7,-3560.54,-383.641
39.8,-3562.74,-384.355
39.8,-3565.26,-385.168
39.9,-3567.63,-386.043
40,-3570.16,-387.104
40,-3572.6,-388.099
40.1,-3575.11,-388.925
40.2,-3577.68,-389.589
40.2,-3580.26,-390.213
40.3,-3582.76,-390.678
40.3,-3585.47,-391.212
40.4,-3588.03,-391.68
40.5,-3590.71,-392.21
40.5,-3593.33,-392.669
40.6,-3595.82,-393.122
40.7,-3598.33,-393.595
40.7,-3600.78,-393.962
40.8,-3603.13,-394.353
40.9,-3650.61,-402.67
40.9,-3651.44,-400.668
41,-3651.88,-401.686
41,-3653.11,-399.357
41.1,-3655.39,-399.937
41.2,-3657.03,-394.978
41.2,-3656.49,-394.266
41.3,-3661.52,-388.334
41.3,-3662.9,-383.58
41.4,-3663.34,-382.829
41.5,-3664.72,-377.058
41.5,-3670.18,-371.816
41.6,-3669.76,-371.605
41.7,-3673.8,-365.116
41.7,-3677.65,-355.483
41.8,-3677.29,-355.889
41.8,-3678.79,-343.645
41.9,-3680.64,-343.691
42,-3683.75,-332.179
42.1,-3686.91,-317.726
42.1,-3683.58,-308.628
42.2,-3684.26,-298.65
42.2,-3682.58,-289.905
42.3,-3688.62,-285.644
42.4,-3685.94,-268.923
42.4,-3686.53,-256.833
42.5,-3685.51,-249.915
42.6,-3686.13,-237.62
42.6,-3689.39,-228.25
42.7,-3684.08,-223.271
42.8,-3687.61,-217.732
42.8,-3690.76,-210.191
42.9,-3685.9,-208.382
43,-3690.52,-204.115
43,-3696.99,-198.753
43.1,-3692.13,-202.886
43.2,-3700.75,-203.912
43.2,-3701.34,-205.559
43.3,-3704.98,-203.191
43.3,-3708.13,-199
43.4,-3707.93,-200.136
43.5,-3710.85,-194.728
43.5,-3716.1,-190.992
43.6,-3715.24,-191.544
43.7,-3712.22,-182.738
43.7,-3718.22,-178.861
43.8,-3716.51,-179.095
43.9,-3717.65,-170.395
43.9,-3716.32,-156.673
44,-3716.71,-156.018
44.1,-3717.45,-144.313
44.1,-3716.64,-142.732
44.2,-3717.91,-130.152
44.2,-3718.49,-115.326
44.3,-3716.72,-117.58
44.4,-3719.97,-105.121
44.4,-3723.58,-91.1652
44.5,-3726.33,-93.4856
44.6,-3726.27,-80.9584
44.6,-3728.01,-71.0355
44.7,-3729.19,-70.9738
44.8,-3731.18,-56.8132
44.8,-3733.99,-48.1003
44.9,-3732.81,-48.3271
45,-3739.41,-42.7318
45,-3740.19,-29.2363
45.1,-3741.24,-28.7953
45.2,-3747.22,-18.5123
45.2,-3750.16,-4.27176
45.3,-3751.54,-4.68082
45.4,-3753.01,10.3971
45.4,-3759.97,20.2182
45.5,-3758.7,17.975
45.6,-3768.22,25.44
45.6,-3765.86,44.3678
45.7,-3766.88,46.165
45.7,-3766.57,59.9951
45.8,-3766.25,57.2262
45.9,-3772.74,67.5369
45.9,-3772.46,79.2105
46,-3770.01,79.7413
46.1,-3772.83,88.0318
46.1,-3775.3,95.8951
46.2,-3776.96,101.039
46.3,-3777.49,114.114
46.3,-3781.39,121.858
46.4,-3779.81,126.279
46.4,-3783.4,132.578
46.5,-3781.78,134.344
46.6,-3780.24,139.38
46.6,-3786,141.754
46.7,-3783.57,140.255
46.8,-3785.39,140.461
46.8,-3785.32,151.459
46.9,-3786.03,150.968
47,-3778.97,162.822
47,-3777.34,165.368
47.1,-3772.59,173.486
47.1,-3773.32,185.127
47.2,-3774,189.965
47.3,-3776.22,200.183
47.3,-3779.03,209.717
47.4,-3782.93,215.387
47.5,-3787.32,231.384
47.5,-3790.02,235.284
47.6,-3792.03,245.948
47.7,-3799.11,254.852
47.7,-3809.48,266.315
47.8,-3807.5,263.326
47.8,-3815.28,267.798
47.9,-3815.12,267.774
48,-3822,276.303
48.1,-3829.06,291.981
48.1,-3829,291.957
48.2,-3838.29,307.975
48.2,-3845.61,319.997
48.3,-3844.63,319.159
48.4,-3855.49,327.827
48.4,-3855.16,342.639
48.5,-3858.96,347.011
48.5,-3862.5,362.253
48.6,-3866.41,359.979
48.7,-3866.76,377.672
48.7,-3871.57,388.26
48.8,-3870.87,389.121
48.9,-3877.73,400.994
48.9,-3878.21,414.09
49,-3880.65,408.847
49.1,-3884.27,418.857
49.1,-3888.07,430.121
49.2,-3889.72,427.83
49.2,-3891.87,439.965
49.3,-3891.26,438.215
49.4,-3890.06,449.465
49.5,-3891.47,461.064
49.5,-3889.86,472.502
49.6,-3890.7,475.851
49.6,-3895.16,487.99
49.7,-3896.22,487.217
49.8,-3892.05,500.623
49.8,-3886.66,515.053
49.9,-3884.58,513.733
50,-3888.28,522.2
50,-3891.61,533.114
50.1,-3892.38,532.413
50.1,-3897.09,545.222
50.2,-3897.32,545.012
50.3,-3891.38,565.65
50.3,-3891.71,581.777
50.4,-3891.46,581.024
50.5,-3899.59,591.785
50.5,-3897.96,604.619
50.6,-3899.51,604.496
50.6,-3902.41,616.164
50.7,-3905.12,619.302
50.8,-3906.21,640.109
50.8,-3899.48,655.934
50.9,-3894.34,658.755
51,-3898.17,661.815
51,-3903.04,663.594
51.1,-3901.83,662.972
51.2,-3908.46,673.297
51.2,-3913.94,684.353
51.3,-3908.66,685.617
51.3,-3912.55,694.931
51.4,-3911.27,696.09
51.5,-3912.19,710.332
51.5,-3914.07,719.29
51.6,-3913.95,717.687
51.7,-3917.65,732.608
51.7,-3914.08,745.595
51.8,-3915.29,747.34
51.8,-3920.09,759.872
51.9,-3918.61,761.373
52,-3919.1,768.979
52,-3921.12,774.736
52.1,-3920.02,776.656
52.2,-3923.49,779.525
52.2,-3924.23,786.239
52.3,-3923.35,786.931
52.3,-3929.72,793.799
52.4,-3929.45,794.002
52.5,-3928.73,801.394
52.5,-3930.86,807.101
52.6,-3929.5,805.129
52.7,-3931.02,813.529
52.7,-3929.76,825.545
52.8,-3931.52,824.892
52.9,-3933.08,840.434
52.9,-3935.67,853.457
53,-3936.34,854.351
53,-3941.58,864.044
53.1,-3941.77,865.066
53.2,-3945.08,873.889
53.2,-3951.58,881.043
53.3,-3951.82,876.629
53.4,-3955.82,879.942
53.4,-3960.14,890.127
53.5,-3961.41,889.127
53.6,-3963.61,903.443
53.6,-3968.2,911.029
53.7,-3967.51,912.011
53.7,-3971.33,919.352
53.8,-3972.83,917.57
53.9,-3971.31,920.579
53.9,-3973.92,925.284
54,-3975.88,928.276
54.1,-3978.62,937.988
54.1,-3980.14,942.281
54.2,-3977.04,946.069
54.3,-3987.18,951.191
54.3,-3981.14,963.784
54.4,-3975,962.399
54.4,-3982.16,966.367
54.5,-3980.41,965.67
54.6,-3979.93,965.974
54.6,-3979.52,966.533
54.7,-3979.04,967.027
54.8,-3977.57,968.154
54.8,-3975.64,969.899
54.9,-3973.76,971.581
54.9,-3971.79,973.624
55,-3969.51,974.837
55.1,-3967.49,976.392
55.2,-3965.78,978.234
55.2,-3964.21,980.498
55.3,-3962.98,982.934
55.3,-3961.77,985.644
55.4,-3960.71,988.427
55.5,-3959.58,991.53
55.5,-3958.64,994.98
55.6,-3957.79,998.146
55.7,-3956.94,1001.17
55.7,-3956.09,1004.21
55.8,-3955.5,1006.99
55.8,-3954.81,1009.57
55.9,-3954.21,1011.99
56,-3953.56,1014.66
56,-3952.49,1017.64
56.1,-3951.49,1020.53
56.2,-3950.17,1023.89
56.2,-3948.91,1027.6
56.3,-3947.65,1031.15
56.4,-3946.57,1035.04
56.4,-3945.44,1038.69
56.5,-3944.48,1042.64
56.5,-3943.61,1046.61
56.6,-3942.92,1050.46
56.7,-3942.28,1054.2
56.7,-3941.62,1057.79
56.8,-3941.28,1061.07
56.9,-3941.07,1064.22
56.9,-3940.76,1067.06
57,-3940.62,1069.8
57,-3940.27,1072.52
57.1,-3934.58,1124.36
57.2,-3930.02,1128.95
57.2,-3919.88,1127.77
57.3,-3919.77,1128.78
57.3,-3906.43,1128.59
57.4,-3905.11,1130.37
57.5,-3891.29,1132.37
57.5,-3879.09,1137.01
57.6,-3878.71,1140.01
57.7,-3862.01,1145.74
57.7,-3858.62,1148.37
57.8,-3860.53,1152.26
57.8,-3848.64,1154.95
57.9,-3853.61,1161.45
58,-3839.31,1164.05
58,-3825.91,1164.74
58.1,-3823.8,1165.29
58.2,-3811.69,1169.81
58.2,-3800.59,1171.84
58.3,-3797.75,1169.56
58.4,-3788.15,1171.74
58.4,-3784.08,1174.59
58.5,-3783.02,1175.47
58.6,-3769.11,1179.35
58.6,-3756.39,1176.36
58.7,-3752.04,1172.16
58.8,-3745.11,1179.14
58.8,-3738.65,1185.04
58.9,-3738.68,1178.18
58.9,-3735.13,1186.55
59,-3735.61,1183.4
59.1,-3731.9,1186.28
59.1,-3725.56,1189.34
59.2,-3726.75,1189.8
59.2,-3714.15,1191.4
59.3,-3711.51,1190.08
59.4,-3696.31,1188.41
59.5,-3676.58,1195.06
59.5,-3665.63,1193.49
59.6,-3666.79,1194.16
59.6,-3658.59,1196.29
59.7,-3658.52,1200.76
59.8,-3644.57,1197.2
59.8,-3634.03,1198.91
59.9,-3634.13,1199.11
60,-3629.08,1201.5
60,-3620.38,1205.71
60.1,-3626.21,1210.14
60.2,-3611.89,1211.61
60.2,-3596.62,1209.58
60.3,-3598.96,1211.46
60.4,-3585.79,1212.25
60.4,-3571.5,1209.7
60.5,-3568.86,1212.46
60.6,-3553.05,1209.07
60.6,-3542.3,1211.05
60.7,-3540.65,1214.18
60.8,-3523.98,1216.87
60.8,-3516.79,1220.48
60.9,-3513.7,1223.31
60.9,-3503.31,1228.63
61,-3503.08,1227.64
61.1,-3497.64,1231.42
61.1,-3491.97,1236.37
61.2,-3492.52,1236.77
61.3,-3484.81,1236.15
61.3,-3477.39,1240.24
61.4,-3477.31,1240.48
61.4,-3469.24,1243.61
61.5,-3466.03,1240.95
61.6,-3457.84,1245.21
61.6,-3447.69,1250.53
61.7,-3447.74,1247.94
61.8,-3442.55,1255.94
61.8,-3436.46,1263.78
61.9,-3438.76,1264.45
62,-3429.29,1268.64
62,-3418.35,1271.32
62.1,-3419.71,1268.68
62.2,-3414.5,1273.55
62.2,-3404.59,1274.79
62.3,-3405.5,1275.11
62.3,-3396.38,1276.48
62.4,-3393.99,1277.98
62.5,-3379.88,1276.21
62.5,-3367.48,1273.82
62.6,-3366.12,1274.6
62.7,-3353.8,1274.53
62.7,-3344.14,1277.08
62.8,-3341.82,1278.6
62.9,-3329.98,1279.01
62.9,-3324.63,1276.2
63,-3322.58,1275.77
63,-3316.12,1277.28
63.1,-3315.51,1277.14
63.2,-3313.26,1279.11
63.2,-3306.27,1282.93
63.3,-3307.9,1283.21
63.4,-3296.74,1281.86
63.4,-3285.64,1271.3
63.5,-3286.12,1271.56
63.5,-3276.76,1261.74
63.6,-3273.83,1262.27
63.7,-3261.94,1259.04
63.7,-3251.09,1262.01
63.8,-3247.51,1268.48
63.9,-3232.17,1266.4
63.9,-3221.5,1264.7
64,-3217.04,1267.96
64.1,-3201.52,1266.53
64.1,-3186.12,1266.29
64.2,-3188.36,1262.74
64.3,-3183.24,1267.94
64.3,-3177.28,1272.45
64.4,-3179.08,1276.12
64.5,-3170.63,1278.35
64.5,-3159.69,1280.69
64.6,-3158.07,1281.55
64.7,-3147.03,1283.85
64.7,-3140.91,1285.65
64.8,-3136.32,1283.56
64.9,-3130.35,1288.26
64.9,-3123.37,1289.97
65,-3122.47,1290.45
65.1,-3112.49,1292.4
65.1,-3104.09,1297.29
65.2,-3101.12,1294.07
65.2,-3092.09,1300.56
65.3,-3091.22,1299.58
65.4,-3085.16,1303.13
65.4,-3078.4,1309.92
65.5,-3079.76,1309.19
65.6,-3072.88,1314.66
65.6,-3065.29,1312.19
65.7,-3065.55,1312.98
65.8,-3064.28,1309.96
65.8,-3063.3,1314.24
65.9,-3056.45,1316.55
66,-3055.62,1314.09
66,-3056.09,1314.37
66.1,-3046.69,1317.98
66.1,-3039.75,1320.18
66.2,-3040.33,1325.17
66.3,-3026.83,1325.98
66.4,-3012.82,1325.42
66.4,-3009.37,1329.69
66.5,-3005.01,1329.78
66.6,-2994.96,1330.15
66.6,-2987.48,1334.94
66.7,-2987.79,1333.81
66.8,-2980.88,1336.56
66.8,-2972.29,1340.2
66.9,-2970.89,1339.08
67,-2960.65,1340.21
67,-2956.05,1340.53
67.1,-2946.11,1338.51
67.2,-2939.83,1341.87
67.2,-2928.22,1346.63
67.3,-2924.27,1345.47
67.4,-2911.83,1349.34
67.4,-2904.49,1354.91
67.5,-2903.21,1350.55
67.6,-2898.59,1356.19
67.6,-2901.55,1357.54
67.7,-2895.28,1362.53
67.7,-2886.87,1366.44
67.8,-2886.83,1366.88
67.9,-2878.4,1371.34
68,-2869.01,1375.35
68,-2864.24,1375.63
68.1,-2855.97,1377.83
68.2,-2856.29,1375.34
68.2,-2849.46,1376.32
68.3,-2850.11,1380.13
68.4,-2844.62,1376.74
68.4,-2841.85,1375.55
68.5,-2844.79,1375.23
68.6,-2844.24,1376.89
68.6,-2835.77,1378.18
68.7,-2839.4,1381.37
68.7,-2827.59,1380.57
68.8,-2829.67,1382.36
68.9,-2820.67,1389.65
68.9,-2805.67,1388.81
69,-2802.72,1390.45
69.1,-2790.24,1389.11
69.1,-2779.07,1389.62
69.2,-2780.45,1389.28
69.3,-2767.37,1394.44
69.4,-2755.95,1395.42
69.4,-2753.79,1394.03
69.5,-2741.52,1401.33
69.5,-2727.7,1404.79
69.6,-2725.11,1404
69.7,-2711.98,1406.87
69.7,-2699.98,1415.36
69.8,-2702.01,1414.46
69.8,-2692.73,1420.72
69.9,-2694.91,1423.25
70,-2679.54,1426.24
70,-2668.04,1429.67
70.1,-2667.39,1428.67
70.2,-2656.53,1429.93
70.2,-2644.44,1423.84
70.3,-2643.9,1423.55
70.4,-2631.89,1424.73
70.4,-2621.79,1426.56
70.5,-2607.94,1426.44
70.6,-2594.72,1430.48
70.6,-2583.73,1434.73
70.7,-2577.17,1434.01
70.8,-2565.81,1437.51
70.8,-2558.22,1445.57
70.9,-2559.19,1441.31
70.9,-2559.35,1447.4
71,-2559.39,1447.11
71.1,-2550.6,1449.47
71.1,-2542.63,1454.1
71.2,-2542.87,1454.51
71.3,-2528.3,1449.44
71.3,-2522.98,1452.35
71.4,-2522.96,1451.31
71.5,-2511.09,1453.57
71.5,-2502.8,1457.14
71.6,-2500.64,1456.56
71.7,-2491.67,1462.54
71.7,-2483.39,1468.35
71.8,-2484.24,1464.58
71.9,-2479.69,1471.12
71.9,-2480.95,1471.71
72,-2468.36,1478.13
72,-2456.4,1480.06
72.1,-2457.12,1480.53
72.2,-2442.05,1480.3
72.2,-2440.41,1479.98
72.3,-2427.28,1482.06
72.3,-2416.48,1483.63
72.4,-2413.62,1483.74
72.5,-2398.66,1487.53
72.5,-2388.26,1488.73
72.6,-2387.17,1488.5
72.7,-2378.16,1496.99
72.7,-2369.22,1504
72.8,-2372.58,1502.92
72.9,-2358.8,1510.69
72.9,-2349.68,1520.43
73,-2356.57,1522.04
73.1,-2348.66,1527.72
73.1,-2341,1533.4
73.2,-2344.83,1537.23
73.3,-2346.96,1539.67
73.3,-2334.07,1542.97
73.4,-2335.06,1546.26
73.5,-2323.18,1545.64
73.5,-2318.28,1544.93
73.6,-2306.16,1545.69
73.7,-2291.06,1548.18
73.7,-2282.04,1555.52
73.8,-2280.82,1552.05
73.8,-2275.5,1561.92
73.9,-2275.14,1560.88
74,-2273.73,1564.96
74,-2267.43,1575.62
74.1,-2268.64,1574.51
74.2,-2272.36,1578.66
74.2,-2264.47,1586.56
74.3,-2267.15,1586.08
74.4,-2262.62,1595.93
74.4,-2249.43,1596.46
74.5,-2251.32,1597.9
74.6,-2241.15,1604.39
74.6,-2226.54,1607.22
74.7,-2226.73,1608.34
74.8,-2213.53,1613.58
74.8,-2203.17,1613.17
74.9,-2203.24,1614.02
75,-2189.56,1617.97
75,-2183.29,1619.12
75.1,-2175.77,1623.36
75.1,-2165.25,1622.78
75.2,-2167.68,1614.59
75.3,-2163.51,1619.96
75.3,-2152.91,1624.1
75.4,-2151.89,1628.63
75.4,-2136.99,1624.96
75.5,-2136.66,1626.31
75.6,-2125.53,1625.27
75.7,-2112.46,1622.65
75.7,-2111.99,1622.28
75.8,-2099.8,1616.7
75.8,-2087.87,1617.52
75.9,-2085.9,1619.61
76,-2073,1619.55
76,-2062.48,1619.93
76.1,-2059.67,1616.43
76.2,-2049.42,1617.45
76.2,-2040.65,1620.47
76.3,-2040.84,1616.54
76.3,-2032.44,1621.11
76.4,-2034.26,1619.43
76.5,-2027.48,1624.14
76.5,-2016.33,1626.19
76.6,-2015.85,1626.83
76.7,-2002.68,1627.47
76.7,-1991.91,1632.78
76.8,-1992.6,1633.31
76.9,-1978.37,1633.68
76.9,-1973.06,1633.55
77,-1959.6,1636.38
77.1,-1949.54,1636.79
77.1,-1940.76,1639.31
77.2,-1937.71,1638.62
77.2,-1926.67,1638.99
77.3,-1924.09,1633.19
77.4,-1921.49,1639.65
77.4,-1915.46,1643.4
77.5,-1916.71,1641.82
77.6,-1907.57,1647.22
77.6,-1895.96,1653.7
77.7,-1897.8,1656.38
77.8,-1881.88,1655.23
77.8,-1872.03,1659.42
77.9,-1871.65,1659.34
78,-1859.03,1664.55
78,-1848.84,1668.13
78.1,-1850.17,1670.52
78.2,-1836.63,1675.77
78.2,-1824.9,1678.37
78.3,-1823.25,1682.47
78.4,-1808.91,1684.27
78.4,-1802.6,1688.72
78.5,-1802.88,1683.5
78.6,-1801.14,1691.88
78.6,-1792.99,1698.14
78.7,-1796.55,1696.69
78.7,-1787.6,1699.76
78.8,-1787.17,1700.38
78.9,-1774.69,1703.08
78.9,-1767.32,1705.56
79,-1768.93,1704.34
79.1,-1764.46,1711.64
79.1,-1752.96,1711.71
79.2,-1753.7,1713.73
79.3,-1741.47,1722.5
79.3,-1724.22,1719.47
79.4,-1721.24,1721.6
79.5,-1703.66,1720.95
79.5,-1692.65,1725.62
79.6,-1689,1725.55
79.7,-1680.73,1730.59
79.7,-1669.42,1732.3
79.8,-1668.98,1732.82
79.8,-1657.58,1732.03
79.9,-1658.1,1734.88
80,-1645.49,1738.1
80.1,-1637.26,1741.03
80.1,-1629.11,1744.01
80.2,-1631.33,1744.61
80.2,-1618.52,1743.02
80.3,-1618.52,1744.78
80.4,-1602.61,1747.4
80.4,-1591.76,1745.52
80.5,-1590.05,1746.37
80.6,-1579.92,1747.87
80.6,-1572.62,1752.8
80.7,-1566.84,1749.55
80.8,-1566.12,1759.6
80.8,-1553.26,1760.49
80.9,-1554.72,1761.15
80.9,-1543.84,1763.94
81,-1543.26,1768.41
81.1,-1527.76,1765.74
81.1,-1515.89,1767.83
81.2,-1511.53,1770.12
81.3,-1496.5,1771.4
81.3,-1483.95,1774.5
81.4,-1480.91,1774.42
81.5,-1474.96,1776.88
81.5,-1466.92,1782.46
81.6,-1465.23,1777.14
81.7,-1460.49,1784.35
81.7,-1452.13,1791.01
81.8,-1453.58,1786.49
81.9,-1447.06,1793.73
81.9,-1437.99,1794.58
82,-1436.95,1794.65
82.1,-1428.4,1796.08
82.1,-1418.41,1800.18
82.2,-1419.63,1795.13
82.3,-1414.79,1799.72
82.3,-1402.55,1803.4
82.4,-1407.98,1802.79
82.4,-1399.73,1809.16
82.5,-1401.35,1808.95
82.6,-1393.48,1815.19
82.6,-1382.92,1817.1
82.7,-1383.34,1817.9
82.8,-1373.76,1817.58
82.8,-1370.28,1820.88
82.9,-1366.95,1821.17
83,-1357.22,1824.87
83,-1352.9,1828.79
83.1,-1350.11,1830.04
83.2,-1340.03,1830.96
83.2,-1335.9,1834.97
83.3,-1333.9,1834.69
83.4,-1323.19,1832.69
83.4,-1319.4,1839.07
83.5,-1318.5,1837.35
83.5,-1309.07,1840.91
83.6,-1308.06,1841.15
83.7,-1298.57,1843.72
83.7,-1287.27,1844.67
83.8,-1284.72,1847.93
83.9,-1273.08,1853.85
83.9,-1267.66,1857.51
84,-1270.95,1853.2
84,-1272.07,1856.64
84.1,-1273.03,1855.33
84.2,-1269.05,1862.99
84.2,-1262.58,1866.39
84.3,-1264.08,1867.46
84.3,-1261.84,1869.96
84.4,-1262.28,1869.7
84.5,-1253.49,1873.4
84.5,-1242.3,1874.29
84.6,-1239.92,1875.02
84.6,-1229.47,1877.34
84.7,-1228.76,1877.55
84.8,-1218.13,1881.42
84.8,-1205.97,1881.08
84.9,-1203.73,1881.78
85,-1188.46,1874.85
85,-1184.38,1879.54
85.1,-1184.26,1877.18
85.2,-1178.32,1878.19
85.2,-1172.04,1882.67
85.3,-1170.09,1882.99
85.4,-1159.11,1885.35
85.4,-1151.89,1886.31
85.5,-1143.07,1889.3
85.5,-1130.04,1888.06
85.6,-1129.18,1889
85.7,-1115.5,1893.68
85.7,-1109.34,1893.63
85.8,-1109.5,1894.77
85.9,-1096.86,1896.11
85.9,-1088.51,1897.23
86,-1087.86,1897.92
86.1,-1078.69,1892.86
86.1,-1075.07,1898.21
86.2,-1074.69,1896.58
86.3,-1079,1902.09
86.3,-1076.25,1907.34
86.4,-1079.24,1906.67
86.5,-1069.6,1911.07
86.5,-1060.62,1916.34
86.6,-1060.01,1916.41
86.7,-1048,1920.03
86.7,-1034.38,1920.03
86.8,-1033.68,1920.55
86.9,-1021.82,1925.83
86.9,-1012.79,1923.85
87,-1005.86,1926.1
87,-994.369,1929.47
87.1,-992.967,1927.46
87.2,-982.039,1937.07
87.2,-975.105,1944.64
87.3,-983.047,1945.77
87.4,-977.837,1951.67
87.4,-970.919,1955.83
87.5,-972.147,1954.79
87.6,-963.948,1955.64
87.6,-955.895,1960.7
87.7,-955.423,1956.86
87.8,-947.313,1958.15
87.8,-948.376,1958.69
87.9,-935.158,1962.36
87.9,-918.285,1960.36
88,-917.68,1960.96
88.1,-905.515,1962.56
88.1,-897.14,1966.41
88.2,-896.718,1966
88.3,-890.325,1970.03
88.3,-881.237,1975.47
88.4,-882.093,1975.46
88.5,-874.672,1982.73
88.5,-865.075,1986.47
88.6,-862.225,1987.49
88.7,-854.265,1986.74
88.7,-846.605,1989.3
88.8,-846.871,1988.56
88.9,-837.342,1993.79
88.9,-826.84,1994.63
89,-823.993,1995.97
89.1,-811.463,1997.96
89.1,-801.875,1998.49
89.2,-800.687,1998.7
89.3,-795.915,1997.8
89.3,-796.547,2001.96
89.4,-790.754,2004.46
89.5,-785.183,2012.91
89.5,-776.704,2011.89
89.6,-774.898,2015.49
89.7,-762.417,2018.33
89.7,-750.813,2018.87
89.8,-744.495,2016.7
89.9,-739.759,2015.83
89.9,-737.679,2014.97
90,-728.214,2013.15
90.1,-716.797,2014.15
90.1,-707.211,2015.73
90.2,-702.931,2013.07
90.2,-695.616,2017.62
90.3,-695.435,2015.15
90.4,-689.589,2023.88
90.4,-680.145,2029.49
90.5,-681.506,2029.08
90.6,-673.445,2031.54
90.6,-655.036,2034.28
90.7,-654.746,2035.85
90.8,-641.295,2036.92
90.8,-624.496,2035.13
90.9,-625.596,2034.34
91,-617.37,2041.67
91,-604.86,2040.62
91.1,-604.911,2042.53
91.1,-596.094,2044.18
91.2,-596.783,2046.25
91.3,-585.02,2049.92
91.3,-578.178,2048.6
91.4,-576.915,2046.04
91.4,-580.456,2050.1
91.5,-579.661,2048.59
91.6,-577.95,2046.34
91.6,-584.639,2053.26
91.7,-583.297,2052.02
91.8,-577.809,2051.2
91.8,-576.257,2055.39
91.9,-577.095,2050.72
91.9,-576.849,2050.94
92,-576.711,2051.05
92.1,-576.401,2051.55
92.1,-575.924,2052.16
92.2,-575.543,2052.74
92.2,-575.065,2053.01
92.3,-574.647,2053.23
92.4,-573.965,2053.56
92.4,-572.911,2054.02
92.5,-571.923,2054.56
92.5,-570.596,2055.03
92.6,-569.132,2055.61
92.7,-567.56,2055.89
92.7,-565.955,2056.09
92.8,-564.507,2056.37
92.9,-562.922,2056.91
92.9,-561.22,2057.49
93,-559.607,2058.45
93,-558.297,2058.86
93.1,-557.101,2059.36
93.2,-555.675,2060.01
93.2,-554.003,2060.29
93.3,-552.354,2060.81
93.4,-550.119,2061.18
93.4,-547.89,2061.11
93.5,-545.635,2060.99
93.6,-543.228,2060.56
93.6,-540.906,2059.93
93.7,-538.622,2059.24
93.7,-536.137,2058.57
93.8,-533.877,2057.96
93.9,-531.456,2057.47
93.9,-529.004,2056.9
94,-526.723,2056.49
94.1,-479.13,2049.36
94.1,-476.926,2044.85
94.2,-473.482,2042.52
94.2,-472.631,2031.93
94.3,-472.284,2033.65
94.4,-462.124,2025.15
94.4,-461.161,2011.03
94.5,-460.145,2010.55
94.6,-447.976,2007.83
94.6,-442.306,1998.03
94.7,-440.564,1997.62
94.8,-434.13,1992.28
94.8,-433.646,1987.38
94.9,-432.569,1983.2
95,-428.754,1975.82
95,-425.633,1964.23
95.1,-426.758,1961.63
95.1,-433.155,1947.84
95.2,-433.491,1947.06
95.2,-436.671,1935.55
95.3,-438.135,1925.79
95.4,-440.269,1913.55
95.5,-449.948,1896.69
95.5,-443.395,1896.85
95.6,-444.631,1891.38
95.6,-440.335,1879.5
95.7,-440.164,1884.35
95.8,-435.382,1871.17
95.8,-434.366,1854.63
95.9,-431.146,1841.75
96,-426.008,1828.84
96,-423.169,1811.14
96.1,-418.223,1811.6
96.2,-418.551,1793.41
96.2,-419.476,1784.5
96.3,-412.674,1785.69
96.3,-421.732,1771.78
96.4,-419.697,1772.18
96.5,-427.853,1767.68
96.5,-427.734,1764.85
96.6,-428.179,1764.15
96.7,-428.2,1762.2
96.7,-420.529,1753.78
96.8,-421.326,1754.8
96.9,-412.725,1747.85
96.9,-412.78,1733.58
97,-411.355,1735.35
97.1,-405.134,1722.14
97.1,-412.908,1710.77
97.2,-413.098,1701.97
97.2,-417.596,1690.65
97.3,-411.473,1685.56
97.4,-420.092,1670.26
97.4,-425.18,1661.67
97.5,-424.93,1657.05
97.6,-424.547,1648.18
97.6,-424.977,1647.41
97.7,-426.259,1645.34
97.7,-419.7,1647.06
97.8,-420.934,1647.94
97.9,-418.688,1648.19
98,-417.958,1650.61
98,-416.469,1649.85
98.1,-423.557,1646.61
98.1,-418.54,1647.22
98.2,-420.682,1646.29
98.3,-428.141,1639.2
98.3,-426.245,1642.29
98.4,-428.094,1641.5
98.5,-434.236,1638.46
98.5,-435.527,1642.21
98.6,-436.661,1640.35
98.7,-441.512,1640.9
98.7,-432.863,1644.43
98.8,-434.618,1642.93
98.9,-432.151,1645.25
98.9,-428.686,1640.83
99,-427.642,1638.54
99,-424.274,1633.27
99.1,-424.179,1632.84
99.2,-423.371,1624.74
99.2,-426.668,1613.98
99.3,-423.983,1612.97
99.3,-429.838,1599.74
99.4,-429.024,1599.46
99.5,-427.531,1588.26
99.5,-431.977,1575.33
99.6,-434.483,1580.36
99.7,-426.993,1580.08
99.7,-423.318,1571.45
99.8,-424.022,1575.56
99.9,-418.835,1568.82
99.9,-415.496,1555.01
100,-412.672,1554.95
100,-412.298,1537.64
100.1,-410.547,1536.44
100.2,-412.45,1517.83
100.2,-409.923,1507.81
100.3,-412.021,1508.51
100.4,-405.189,1496.47
100.4,-406.047,1488.85
100.5,-405.366,1479.67
100.6,-404.127,1460.82
100.6,-408.853,1446.93
100.7,-408.232,1441.03
100.7,-408.826,1427.94
100.8,-409.214,1427.78
100.9,-407.019,1412
100.9,-400.977,1401.95
101,-396.663,1403.39
101,-391.89,1387.27
101.1,-389.705,1386.23
101.2,-389.953,1373.94
101.2,-384.531,1366.46
101.3,-384.153,1365.36
101.3,-388.618,1348.49
101.4,-389.794,1342.03
101.5,-390.981,1332.51
101.5,-390.857,1328.86
101.6,-389.823,1324.72
101.7,-396.923,1316.45
101.7,-392.592,1312.54
101.8,-400.282,1313.86
101.9,-396.045,1318.01
101.9,-391.647,1316.54
102,-393.48,1322.13
102,-389.428,1319.02
102.1,-388.095,1320.49
102.2,-385.394,1313.95
102.2,-385.012,1306.93
102.3,-385.156,1306.82
102.4,-384.032,1300.59
102.4,-384.884,1291.29
102.5,-385.575,1292.22
102.5,-388.232,1287.66
102.6,-384.303,1291.87
102.7,-389.424,1285.01
102.7,-388.772,1284.83
102.8,-391.952,1288.17
102.8,-384.91,1285.96
102.9,-387.362,1288.19
103,-385.282,1292.78
103.1,-378.277,1291.56
103.1,-376.874,1286.55
103.2,-369.065,1282.53
103.2,-369.688,1271.9
103.3,-367.417,1271.62
103.4,-369.805,1256.97
103.4,-373.409,1248.22
103.5,-373.402,1248.76
103.6,-370.62,1236.74
103.6,-378.244,1227.46
103.7,-377.081,1223.04
103.8,-385.574,1215.3
103.8,-378.005,1212.31
103.9,-381.015,1212.84
103.9,-374.356,1210.28
104,-380.505,1212.72
104.1,-375.843,1215.57
104.1,-373.435,1210.84
104.2,-374.759,1212.57
104.3,-370.825,1207.11
104.3,-366.426,1204.33
104.4,-365.852,1202.53
104.4,-362.285,1193.45
104.5,-359.595,1193.28
104.6,-356.264,1184.72
104.6,-354.317,1178.37
104.7,-352.346,1176.4
104.7,-349.642,1172.62
104.8,-349.072,1172.01
104.9,-348.493,1167.69
104.9,-341.732,1164.74
105,-342.743,1164.58
105.1,-338.681,1162.38
105.1,-337.298,1159.89
105.2,-337.421,1159.97
105.3,-338.555,1152.09
105.3,-342.045,1148.97
105.4,-342.626,1148.47
105.4,-356.84,1132.73
105.5,-359.518,1132.33
105.6,-356.944,1128.79
105.6,-353.048,1119.49
105.7,-355.081,1114.73
105.7,-360.203,1104.19
105.8,-360.838,1102.77
105.9,-365.087,1089.16
105.9,-371.745,1088.81
106,-372.065,1086.56
106.1,-382.956,1083.56
106.1,-376.827,1089.17
106.2,-379.528,1088.52
106.2,-377.828,1095.05
106.3,-387.067,1092.35
106.4,-386.506,1097.2
106.4,-380.646,1100.72
106.5,-393.864,1095.77
106.5,-391.678,1104.18
106.6,-395.617,1102.7
106.7,-404.725,1102.02
106.7,-400.362,1107.42
106.8,-402.935,1106.77
106.9,-400.294,1106.49
106.9,-401.746,1103.11
107,-401.603,1103.17
107,-400.289,1102.35
